【合租】望京 南湖中园小区 3室次卧,南湖中园小区,https://legoclick.58.com/cpaclick?target=szqBpB3draOWUvYf0A-80A7Guvq8uL-ds1EzrH03PWm3P1n3PjmvXaO1pZwVUT7bsyNQn1nkrHuBsyDzn1mVPAF6nBY3rAuBsHRWn17bryDOuymduTDvrHDkP1TknHm3PHcvnkDKnHNLrHczP1bQPjEzrHEdnkDvnjTknjTKnWcQPjcOTHD_n1DkTHD_nHDYnBkQnWT1THDdrHN3PWmYP1bznjmKnE7AEzdkmzd_pgPYUARhITDQTHDKTiYQTEDQnW91nWDOnjb3P1cdnjDQPjNLTHmKph-6wvNlnWTkn7t1njTkTHDKujDLmWTOrjnVryNLniYYPjnYsH-hPWDVPhFBuHwWPHRWn1IWTHDzrj01rjc1PW9YnWnLrHcvPjTKnHc3P1n3nWnvrjnvnj9vPH0On9DKTEDQsWTKTiYKTE7CIZwk01CfsvFJsWN3shPfUiqLmyOMph-8uzqkpyOkmy-MUvOMXgNf0A3fnit4Uy-80ZFGmvNqnWTkn7t1njTkTEDQnH08nHndsWDzPB3QPTDkTHTKna3knjNOrjc1njN3rHcdPWmLnWbKnik1nHcKXLYKnHTknjmKnHTknj9dnE76uHKBP1mOPzdWrj-BsHE3mHbVmHmduaYYmyD3n1EYnHTvPycKTHTKTEDkTHD_nHDYnBkQnWT1THDKUMR_UT7WPAEknWw-PH6bP1TkryF-&tid=ae0b7697-c89b-48a9-a65d-4aa83441065b&slotid=1000851&productid=10006&bizresource=0&extParam=%7B%22ppgy_stats%22%3A%7B%22pageSource%22%3A%22%22%2C%22resource%22%3A%2258%22%2C%22abVersion%22%3A%22%22%2C%22launchid%22%3A%22%22%7D%7D
【合租】望京 南湖渠西里 3室次卧,南湖渠西里,https://legoclick.58.com/cpaclick?target=szqBpB3draOWUvYf0A-80A7Guvq8uL-ds1EzrjnYP1m1njm3nWb3XaO1pZwVUT7bsyNQn1nkrHuBsyDzn1mVPAF6nBY3rAuBsHRWn17bryDOuymduTDYPjTzrjcdn1NknjE1nTDKnHNvnj9kP1b3rjm1n1mkP9DvnjTknjTKPHnLrj0dTHD_n1DkTHD_nHDYnBkQnWT1THDdrHN3PWmYP1bznjmKn97AEzdkmzd_pgPYUARhITDQTHDKTiYQTEDQnH9OPjckrHmQnjNLP1NQnjEkTHmKph-6wvNlnWTkn7t1njTkTHDKnHD3uWc1rHNVn1cdraYYnHTzsycQmhDVmHIhPhPhuW7hn1c1THDzrjcvPWm3PW0QPHD3rjEzrj9KnHc3nWmvPW9vP1DknHNYnjndn9DKTEDQsWTKTiYKTE7CIZwk01CfsvFJsWN3shPfUiqLmyOMph-8uzqkpyOkmy-MUvOMXgNf0A3fnit4Uy-80ZFGmvNqnWTkn7t1njTkTEDQnH08nHndsWDzPB3QPTDkTHTKna3knjcznjmLPWEYPHc3PWcLPjDKnik1nHcKXLYKnHTknjmKnHTknj9dnEDLPhndryRWradhmWKhsHEzrAmVrjPhmBdhnHR-P1ndrHmLnADKTHTKTEDkTHD_nHDYnBkQnWT1THDKUMR_UTDduWDkmyDzuyPBuhmOuyE1&tid=76c59ec8-fb0f-428f-83fb-f15e7359670a&slotid=1000851&productid=10006&bizresource=0&extParam=%7B%22ppgy_stats%22%3A%7B%22pageSource%22%3A%22%22%2C%22resource%22%3A%2258%22%2C%22abVersion%22%3A%22%22%2C%22launchid%22%3A%22%22%7D%7D
【合租】望京 南湖中园小区 3室次卧,南湖中园小区,https://legoclick.58.com/cpaclick?target=szqBpB3draOWUvYf0A-80A7Guvq8uL-ds1EznWD3nWb3njD3rjDOXaO1pZwVUT7bsyNQn1nkrHuBsyDzn1mVPAF6nBY3rAuBsHRWn17bryDOuymduTDYPjmLPjT3P1mYnH9LrTDKnHE3nHbknjEvnWE3nHEQrEDvnjTknjTKPH01nHc3THD_n1DkTHD_nHDYnBkQnWT1THDdrHN3PWmYP1bznjmKnk7AEzdkmzd_pgPYUARhITDQTHDKTiYQTEDzPjbQnHNzrHNznWbOPWTKP97Jpy7ZuHCznjTkg1nknjTKnE7Brj6BujbdmBd-PHNdsHwBn1mVmhcYPzdbnycQrjP6nHmkPWEKnHcvnWEvPWNYnjm1n1T3n1bkPTDQnWmzPjmvPHEkPHNLPH0YnHEYTEDKTHD8nTDKsEDKTy6YIZK1rBtfmhC8PH98mvqVsLI6UhIJpyOMsLKGUMK6pyIfUhIOIiqkUBtQs1qVpyOk0h-WuHYznjTkg1nknjTKTHDQPz3Qn1N8nHcvsWDYTHTKnTDksWTknHbLP1bkP1NLnjDkn1EYPTDQsjnQn97exEDQnjTkP9DQnjTkrjNQTHn3mHcduj6hsHIhPjDVPjnOuBYOnADvsHD1PjcknH0OmWRBPkDKnTDKTHTKnikQnHEzsjDznjnKnE78IyQ_TH0vmHNkPHDOm19knvwBPhE&tid=38a25d8f-7f41-439f-90a6-13420179b5b7&slotid=1000851&productid=10006&bizresource=0&extParam=%7B%22ppgy_stats%22%3A%7B%22pageSource%22%3A%22%22%2C%22resource%22%3A%2258%22%2C%22abVersion%22%3A%22%22%2C%22launchid%22%3A%22%22%7D%7D
【合租】望京 利泽西园 4室次卧,利泽西园,https://legoclick.58.com/cpaclick?target=szqBpB3draOWUvYf0A-80A7Guvq8uL-ds1EzrjnYPW9OnW91n1NQXaO1pZwVUT7bsyNQn1nkrHuBsyDzn1mVPAF6nBY3rAuBsHRWn17bryDOuymduTDYPjTzrjcdn1NknjE1nTDKnHNvnj0OrjNYn1bYPW0dPEDvnjTknjTKPHb1PHmkTHD_n1DkTHD_nHDYnBkQnWT1THDdrHN3PWmYP1bznjmKPT7AEzdkmzd_pgPYUARhITDQTHDKTiYQTEDQnH9OPjckrHmQnjNLP1NQnjEkTHmKph-6wvNlnWTkn7t1njTkTHDKPW0OrH7bnjcVnjI-PBYYPAmzsHbYnyEVPA7bnyEOm1mkPWNOTHDzrjcvPWEYPjbYPHTznjDkrj9KnHc3nWmvPjEYrHnOPHmLPHD1P9DKTEDQsWTKTiYKTE7CIZwk01CfsvFJsWN3shPfUiqLmyOMph-8uzqkpyOkmy-MUvOMXgNf0A3fnit4Uy-80ZFGmvNqnWTkn7t1njTkTEDQnH08nHndsWDzPB3QPTDkTHTKna3knjD3rj9OrHELPWnkPWEYPH9vTHD_n1DzTgVqTHDknjTvTHDknjT3PHDKmWmQnj0drHTVPW7WriYYP1DLsyFBnvNVnAEQrAF-PHNYnHFbTEDkTEDKnTDQsjDQPjc_nHcknkDQTyOdUAkKPvPBnymQnH7Wm1N1rjwbPE&tid=b6107590-61c9-4717-bb3e-0d18be55412d&slotid=1000851&productid=10006&bizresource=0&extParam=%7B%22ppgy_stats%22%3A%7B%22pageSource%22%3A%22%22%2C%22resource%22%3A%2258%22%2C%22abVersion%22%3A%22%22%2C%22launchid%22%3A%22%22%7D%7D
【合租】望京 南湖中园小区 3室次卧,南湖中园小区,https://legoclick.58.com/cpaclick?target=szqBpB3draOWUvYf0A-80A7Guvq8uL-ds1EzrH03PjTknHcLnHDQXaO1pZwVUT7bsyNQn1nkrHuBsyDzn1mVPAF6nBY3rAuBsHRWn17bryDOuymduTDvrHDkP1TknHm3PHcvnkDKnHNLrHDOn1N1nWnYnWcLPTDvnjTknjTKPHN1n1TYTHD_n1DkTHD_nHDYnBkQnWT1THDdrHN3PWmYP1bznjmKPE7AEzdkmzd_pgPYUARhITDQTHDKTiYQTEDQnW91nWDOnjb3P1cdnjDQPjNLTHmKph-6wvNlnWTkn7t1njTkTHDKmyF6PvFhPjcVnjTdPBYYmHK6sy7bnWbVmymYnHwWuAubmhN3THDzrj01P1ndPWmdn19Yn1mvnj9KnHc3P1nLn1NvPWELPHNznWTYrTDKTEDQsWTKTiYKTE7CIZwk01CfsvFJsWN3shPfUiqLmyOMph-8uzqkpyOkmy-MUvOMXgNf0A3fnit4Uy-80ZFGmvNqnWTkn7t1njTkTEDQnH08nHndsWDzPB3QPTDkTHTKna3knjD3PW9Ynj03PHndrj0YrH9dTHD_n1DzTgVqTHDknjTvTHDknjT3PHDKPyRbPyRbuhcVmvP6riYYPj0zsyDQnycVuW93nH-6n1Ekuj9LTEDkTEDKnTDQsjDQPjc_nHcknkDQTyOdUAkKPyD1ujcknjuBuh7BrycYP9&tid=5ed5edfb-cca9-4472-a11b-f8819a340d87&slotid=1000851&productid=10006&bizresource=0&extParam=%7B%22ppgy_stats%22%3A%7B%22pageSource%22%3A%22%22%2C%22resource%22%3A%2258%22%2C%22abVersion%22%3A%22%22%2C%22launchid%22%3A%22%22%7D%7D
【合租】望京 南湖中园一区(西 3室次卧,南湖中园一区(西,https://legoclick.58.com/cpaclick?target=szqBpB3draOWUvYf0A-80A7Guvq8uL-ds1EznHEvPHbLrHbYnWm3XaO1pZwVUT7bsyNQn1nkrHuBsyDzn1mVPAF6nBY3rAuBsHRWn17bryDOuymduTDYPjmLPjT3P1mYnH9LrTDKnHELnW0znW9drHndn1TOnEDvnjTknjTKPH9dnj0LTHD_n1DkTHD_nHDYnBkQnWT1THDdrHN3PWmYP1bznjmKP97AEzdkmzd_pgPYUARhITDQTHDKTiYQTEDzPjbQnHNzrHNznWbOPWTKP97Jpy7ZuHCznjTkg1nknjTKnEDdPjNzPvE1nadhuWcQsHEYuHbVmWndPzY3nhPBnHTzujNkm1cKnHcvnjDQP1TLn1b3rjm3rHbznTDQnWmknHDLnj01rHcOrHmOPWmYTEDKTHD8nTDKsEDKTy6YIZK1rBtfmhC8PH98mvqVsLI6UhIJpyOMsLKGUMK6pyIfUhIOIiqkUBtQs1qVpyOk0h-WuHYznjTkg1nknjTKTHDQPz3Qn1N8nHcvsWDYTHTKnTDksWTknH0znWm3P1DkPWEYPWTvn1mKnik1nHcKXLYKnHTknjmKnHTknj9dnE7WPvPWnAnLuBY1PWF-sHwbPjmVmhDYradhuyNzP1b1PhEOnvNKTHTKTEDkTHD_nHDYnBkQnWT1THDKUMR_UT76mHbdn1-hPHbLPWELm17-&tid=c7cc0c7f-362e-4d46-ba48-fee27936d93e&slotid=1000851&productid=10006&bizresource=0&extParam=%7B%22ppgy_stats%22%3A%7B%22pageSource%22%3A%22%22%2C%22resource%22%3A%2258%22%2C%22abVersion%22%3A%22%22%2C%22launchid%22%3A%22%22%7D%7D
【合租】望京 南湖东园一区 3室次卧,南湖东园一区,https://legoclick.58.com/cpaclick?target=szqBpB3draOWUvYf0A-80A7Guvq8uL-ds1EznWc3PWmdn19dnWE1XaO1pZwVUT7bsyNQn1nkrHuBsyDzn1mVPAF6nBY3rAuBsHRWn17bryDOuymduTDYPjmLPjT3P1mYnH9LrTDKnHE3n1czP1E3PHcvPWbdnEDvnjTknjTKPHbdnWnQTHD_n1DkTHD_nHDYnBkQnWT1THDdrHN3PWmYP1bznjmKPk7AEzdkmzd_pgPYUARhITDQTHDKTiYQTEDzPjbQnHNzrHNznWbOPWTKP97Jpy7ZuHCznjTkg1nknjTKnEDznjmYmWN3nzY1myEdsHEvnAmVmHmLPBY1ujDkujKWPhmQnWnKnHcvnW9kPWcdrjm3rjckPj9knTDQnWmzrjTvnWN3PWcdn1TzPHc3TEDKTHD8nTDKsEDKTy6YIZK1rBtfmhC8PH98mvqVsLI6UhIJpyOMsLKGUMK6pyIfUhIOIiqkUBtQs1qVpyOk0h-WuHYznjTkg1nknjTKTHDQPz3Qn1N8nHcvsWDYTHTKnTDksWTknHmLrHNdPjc1njNzrjcQPj9Knik1nHcKXLYKnHTknjmKnHTknj9dnEDOPWNkryR-uBY3Pyc3sHw-njmVrj9duid-uyw-nWNdnyF6PW9KTHTKTEDkTHD_nHDYnBkQnWT1THDKUMR_UT7huj-hmvNzPAnvuH-bnjNY&tid=96509eef-85b8-4e06-885e-eede2551ba68&slotid=1000851&productid=10006&bizresource=0&extParam=%7B%22ppgy_stats%22%3A%7B%22pageSource%22%3A%22%22%2C%22resource%22%3A%2258%22%2C%22abVersion%22%3A%22%22%2C%22launchid%22%3A%22%22%7D%7D
【合租】望京 南湖中园小区 3室次卧,南湖中园小区,https://legoclick.58.com/cpaclick?target=szqBpB3draOWUvYf0A-80A7Guvq8uL-ds1EznWcvPjnkrjcLPHNQXaO1pZwVUT7bsyNQn1nkrHuBsyDzn1mVPAF6nBY3rAuBsHRWn17bryDOuymduTDYPjmLPjT3P1mYnH9LrTDKnHE3nWbYnHEvnWTQnj9OPTDvnjTknjTKPHbOnjmzTHD_n1DkTHD_nHDYnBkQnWT1THDdrHN3PWmYP1bznjmKrT7AEzdkmzd_pgPYUARhITDQTHDKTiYQTEDzPjbQnHNzrHNznWbOPWTKP97Jpy7ZuHCznjTkg1nknjTKnEDvuhmvmvNvnBY1rj03sHE1uH9VmWwBPzYzPA7WnywBrjnkPjTKnHcvnW01n1T1PWnLnjcLnWcdP9DQnWmzP1n1njnvn1T1nHm1n1bzTEDKTHD8nTDKsEDKTy6YIZK1rBtfmhC8PH98mvqVsLI6UhIJpyOMsLKGUMK6pyIfUhIOIiqkUBtQs1qVpyOk0h-WuHYznjTkg1nknjTKTHDQPz3Qn1N8nHcvsWDYTHTKnTDksWTknHmvPHbzPH0vP1DznWT3PkDQsjnQn97exEDQnjTkP9DQnjTkrjNQTH0dmymvuhRBsHbLmvnVPjmvPBd6Phu-symzPHw6rANOuH9knkDKnTDKTHTKnikQnHEzsjDznjnKnE78IyQ_THDQPvwBuj0dnjKBrHTOrAm&tid=75af6feb-97cc-4666-a6fe-f254a8e9e803&slotid=1000851&productid=10006&bizresource=0&extParam=%7B%22ppgy_stats%22%3A%7B%22pageSource%22%3A%22%22%2C%22resource%22%3A%2258%22%2C%22abVersion%22%3A%22%22%2C%22launchid%22%3A%22%22%7D%7D
【合租】望京 南湖中园小区 3室次卧,南湖中园小区,https://legoclick.58.com/cpaclick?target=szqBpB3draOWUvYf0A-80A7Guvq8uL-ds1EznHEvP1mLP1b3rHn3XaO1pZwVUT7bsyNQn1nkrHuBsyDzn1mVPAF6nBY3rAuBsHRWn17bryDOuymduTDYPjmLPjT3P1mYnH9LrTDKnHELnW0YPjNOPj9YnjN3nTDvnjTknjTKPHbYnHTzTHD_n1DkTHD_nHDYnBkQnWT1THDdrHN3PWmYP1bznjmKrE7AEzdkmzd_pgPYUARhITDQTHDKTiYQTEDzPjbQnHNzrHNznWbOPWTKP97Jpy7ZuHCznjTkg1nknjTKnED1PyPBPWE1mBYdnWu-sHELuHNVmWnkmBYzmHm1PvEkPWEkrAcKnHcvnjDznWm1rjnLnjE3njDzrTDQnWmknHczPWn3nW03nWDLP1c3TEDKTHD8nTDKsEDKTy6YIZK1rBtfmhC8PH98mvqVsLI6UhIJpyOMsLKGUMK6pyIfUhIOIiqkUBtQs1qVpyOk0h-WuHYznjTkg1nknjTKTHDQPz3Qn1N8nHcvsWDYTHTKnTDksWTknHmvn1TYPHNQP1Evnj03rjmKnik1nHcKXLYKnHTknjmKnHTknj9dnE7hPWEQPHTYnzY3Phm1sHEdnvmVmyDdnzd-nHnOnHN3mWIbnHEKTHTKTEDkTHD_nHDYnBkQnWT1THDKUMR_UTD1ujN3uWnvP10YPyc1m1I-&tid=f6415043-86f3-453f-aa53-e139158b7d14&slotid=1000851&productid=10006&bizresource=0&extParam=%7B%22ppgy_stats%22%3A%7B%22pageSource%22%3A%22%22%2C%22resource%22%3A%2258%22%2C%22abVersion%22%3A%22%22%2C%22launchid%22%3A%22%22%7D%7D
【合租】望京 望京花园西区 4室次卧,望京花园西区,https://legoclick.58.com/cpaclick?target=szqBpB3draOWUvYf0A-80A7Guvq8uL-ds1EzrH03P1N1PWD1rjEzXaO1pZwVUT7bsyNQn1nkrHuBsyDzn1mVPAF6nBY3rAuBsHRWn17bryDOuymduTDvrHDkP1TknHm3PHcvnkDKnHNLrHc1rj0Lrjn3njcOPkDvnjTknjTKPH9dnj0kTHD_n1DkTHD_nHDYnBkQnWT1THDdrHN3PWmYP1bznj0KnHTKwbnV0AnVUA-1IAQ-uMEKnEDQTEDVnEDKnHc3n1cQrHTOrj0zPHTQnHEdPkDvTyGGmNI-rWcknjKxn1TknTDQTHTQnjEQrAEzsHEkujTVPAmzrad6rjDvsHFBnHEzmWbznhn1n9DQnW9Ln19dnHEOrjNOP1D1njcYTHDzrj01rjNQPjb3njTOrHcLPW9KTEDKni3kTEDVTEDKpZwY0ZnlszqBpB3draOWUvYfIv78uvGGUh0f0A-80A7Guvq8uL-dsLK8s1Df5vdGUMKzpyP-5HcknjKxn1TknTDKnHDLsWD1Pi3QnWm8nHEKnTDkTHT8njTQPWEvPjczP19vPjnkn1NKnik1nHcKXLYKnHTknjmKnHTknj9dnEDLm10duAFhriYkn1TLsHEvmW0VrjFBniY1PhDdnHI-rANLuWcKTHTKTEDkTHD_nHDYnBkQnWT1THDKUMR_UT7BPARBrADzPjP6n1P6rHnO&tid=7c75dbf9-0307-46b7-82b1-36a517e8e7f2&slotid=1000851&productid=10006&bizresource=0&extParam=%7B%22ppgy_stats%22%3A%7B%22pageSource%22%3A%22%22%2C%22resource%22%3A%2258%22%2C%22abVersion%22%3A%22%22%2C%22launchid%22%3A%22%22%7D%7D
【合租】望京 世安家园 3室次卧,世安家园,https://legoclick.58.com/cpaclick?target=szqBpB3draOWUvYf0A-80A7Guvq8uL-ds1EznWbkPHn3P1nYrj9zXaO1pZwVUT7bsyNQn1nkrHuBsyDzn1mVPAF6nBY3rAuBsHRWn17bryDOuymduTDYPjmLPjT3P1mYnH9LrTDKnHEOnHDYP1cLn1b1PH93PEDvnjTknjTKPHnOnWbkTHD_n1DkTHD_nHDYnBkQnWT1THDdrHN3PWmYP1bznj0KnHDKwbnV0AnVUA-1IAQ-uMEKnEDQTEDVnEDKnWEOnHDdnWbdnWcOrHmkTHmKph-6wvNlnWTkn7t1njTkTHDKuWb3uhRbnycVnhmznzYYnWnvsHbLnvmVPvw6m10OnWc3n1K-THDzPWE3n1nLnWE1PWb3P1T3Pj9KnHcvPj91n10zPjnkPWbdPWc3rTDKTEDQsWTKTiYKTE7CIZwk01CfsvFJsWN3shPfUiqLmyOMph-8uzqkpyOkmy-MUvOMXgNf0A3fnit4Uy-80ZFGmvNqnWTkn7t1njTkTEDQnH08nHndsWDzPB3QPTDkTHTKna3knjDvnjNQrjcdPjDOPH9LPWN3THD_n1DzTgVqTHDknjTvTHDknjT3PHDKPH66ujnvujmVPyn1PiYYuWmYsyD3ryEVnjF6PhnQPH6hnjczTEDkTEDKnTDQsjDQPjc_nHcknkDQTyOdUAkKn10dPWbQnWDdnj-6Pj0LnE&tid=58ad36d6-5c35-4f64-a89d-02a6c158f022&slotid=1000851&productid=10006&bizresource=0&extParam=%7B%22ppgy_stats%22%3A%7B%22pageSource%22%3A%22%22%2C%22resource%22%3A%2258%22%2C%22abVersion%22%3A%22%22%2C%22launchid%22%3A%22%22%7D%7D
【合租】望京 南湖中园小区 3室次卧,南湖中园小区,https://legoclick.58.com/cpaclick?target=szqBpB3draOWUvYf0A-80A7Guvq8uL-ds1EzP1EvPHE1nH93PWcQXaO1pZwVUT7bsyNQn1nkrHuBsyDzn1mVPAF6nBY3rAuBsHRWn17bryDOuymduTDvnWEkrH93nHEdn1TLPkDKnHNYrHNQPH9Yn101rHmdPkDvnjTknjTKPH0LrjNOTHD_n1DkTHD_nHDYnBkQnWT1THDdrHN3PWmYP1bznj0KnHcKwbnV0AnVUA-1IAQ-uMEKnEDQTEDVnEDKnHckPHTdnWDdnWbQrjTvPHDdn9DvTyGGmNI-rWcknjKxn1TknTDQTyPbPHuBPWELsHc3nhnVPj6BnzdBujm3symvm1N3mvuWrjDLmEDQnW0OP10vnj03nWE1PH9QrHNzTHDzP1bLP1mkP10OPH91PHmOrHcKTEDKni3kTEDVTEDKpZwY0ZnlszqBpB3draOWUvYfIv78uvGGUh0f0A-80A7Guvq8uL-dsLK8s1Df5vdGUMKzpyP-5HcknjKxn1TknTDKnHDLsWD1Pi3QnWm8nHEKnTDkTHT8njTQPjEzPjbOrjmQPjbOP1EdrTDQsjnQn97exEDQnjTkP9DQnjTkrjNQTymkrHEznhRBsym1nANVPAczmiY3ujEQsHm3rH-Bm1m1njmkuEDKnTDKTHTKnikQnHEzsjDznjnKnE78IyQ_THFhP10dnAmvuhw6PW7BPjE&tid=f09422eb-f30e-4b2a-8d41-6899bc63060e&slotid=1000851&productid=10006&bizresource=0&extParam=%7B%22ppgy_stats%22%3A%7B%22pageSource%22%3A%22%22%2C%22resource%22%3A%2258%22%2C%22abVersion%22%3A%22%22%2C%22launchid%22%3A%22%22%7D%7D
【合租】望京 望京西园二区 3室次卧,望京西园二区,https://legoclick.58.com/cpaclick?target=szqBpB3draOWUvYf0A-80A7Guvq8uL-ds1EzPWTknHcvPH0krHDvXaO1pZwVUT7bsyNQn1nkrHuBsyDzn1mVPAF6nBY3rAuBsHRWn17bryDOuymduTDYPjmLPjT3P1mYnH9LrTDKnHN1nj0LPjNQP1TYP1nknTDvnjTknjTKPH9OP1cQTHD_n1DkTHD_nHDYnBkQnWT1THDdrHN3PWmYP1bznj0KnHnKwbnV0AnVUA-1IAQ-uMEKnEDQTEDVnEDKnWEOnHDdnWbdnWcOrHmkTHmKph-6wvNlnWTkn7t1njTkTHDKujnLmhPbPWmVnWTLPaYYuhD3sH9YuHNVmvuhujubmW0YPH0YTHDzP1EOP19zrH9YPW0LnWDznH0KnHcLPjbLrjcOrjEkrHTknjbvnEDKTEDQsWTKTiYKTE7CIZwk01CfsvFJsWN3shPfUiqLmyOMph-8uzqkpyOkmy-MUvOMXgNf0A3fnit4Uy-80ZFGmvNqnWTkn7t1njTkTEDQnH08nHndsWDzPB3QPTDkTHTKna3knjD1rjbkn1TvnjT1P1nkPWbLTHD_n1DzTgVqTHDknjTvTHDknjT3PHDKPWNOmWbvuW9Vm16bmzYYrHu6sHbvuAcVnADLmWEdnvF6PHNLTEDkTEDKnTDQsjDQPjc_nHcknkDQTyOdUAkKujDdnjRhPHRbmvcvmWbznk&tid=659b96f8-c8dc-496a-96db-0a7b453ba557&slotid=1000851&productid=10006&bizresource=0&extParam=%7B%22ppgy_stats%22%3A%7B%22pageSource%22%3A%22%22%2C%22resource%22%3A%2258%22%2C%22abVersion%22%3A%22%22%2C%22launchid%22%3A%22%22%7D%7D
【合租】望京 南湖中园小区 3室次卧,南湖中园小区,https://legoclick.58.com/cpaclick?target=szqBpB3draOWUvYf0A-80A7Guvq8uL-ds1EznWDYrj0LPHmzrjbQXaO1pZwVUT7bsyNQn1nkrHuBsyDzn1mVPAF6nBY3rAuBsHRWn17bryDOuymduTDYPjmLPjT3P1mYnH9LrTDKnHE3nHEvnWmYn19YnWTdPTDvnjTknjTKPHbQP1mdTHD_n1DkTHD_nHDYnBkQnWT1THDdrHN3PWmYP1bznj0KnHEKwbnV0AnVUA-1IAQ-uMEKnEDQTEDVnEDKnWEOnHDdnWbdnWcOrHmkTHmKph-6wvNlnWTkn7t1njTkTHDKrj0LuAEYmHEVnWTLniYYPjEOsHbzPhcVmH0OPvDQmyNvPvN1THDzPWc1PHEYPH9OrjDOPWN3nWEKnHcvnWndPjEdrjbQrHTdnHcvPTDKTEDQsWTKTiYKTE7CIZwk01CfsvFJsWN3shPfUiqLmyOMph-8uzqkpyOkmy-MUvOMXgNf0A3fnit4Uy-80ZFGmvNqnWTkn7t1njTkTEDQnH08nHndsWDzPB3QPTDkTHTKna3knjD1PWNknjnzPjD3njnOnj9QTHD_n1DzTgVqTHDknjTvTHDknjT3PHDKryw-ujEzPAmVrHuBnBYYrHc1sycLPADVuj6WuH0vuAEYP1b1TEDkTEDKnTDQsjDQPjc_nHcknkDQTyOdUAkKnhD1nHmvrAnOPhu6mHIBm9&tid=9ded424f-96b2-4923-b74a-d8ce76dd4793&slotid=1000851&productid=10006&bizresource=0&extParam=%7B%22ppgy_stats%22%3A%7B%22pageSource%22%3A%22%22%2C%22resource%22%3A%2258%22%2C%22abVersion%22%3A%22%22%2C%22launchid%22%3A%22%22%7D%7D
【合租】望京 望京西园四区 3室次卧,望京西园四区,https://legoclick.58.com/cpaclick?target=szqBpB3draOWUvYf0A-80A7Guvq8uL-ds1EznH0knj9YnHbLnHEzXaO1pZwVUT7bsyNQn1nkrHuBsyDzn1mVPAF6nBY3rAuBsHRWn17bryDOuymduTDYPjmLPjT3P1mYnH9LrTDKnHELPH0zrHTOn1TkrjnOn9DvnjTknjTKPHmLnj03THD_n1DkTHD_nHDYnBkQnWT1THDdrHN3PWmYP1bznj0KnHNKwbnV0AnVUA-1IAQ-uMEKnEDQTEDVnEDKnWEOnHDdnWbdnWcOrHmkTHmKph-6wvNlnWTkn7t1njTkTHDKPjcLnhm1mHnVujuBraYYujmQsH6BPWTVmhmzmhRbPWb3nAD3THDzPWT3rjmvPWb3rjTYPW0YPHmKnHcvnj93PWmvrH9QP1NdnW9OPkDKTEDQsWTKTiYKTE7CIZwk01CfsvFJsWN3shPfUiqLmyOMph-8uzqkpyOkmy-MUvOMXgNf0A3fnit4Uy-80ZFGmvNqnWTkn7t1njTkTEDQnH08nHndsWDzPB3QPTDkTHTKna3knjD1PjmkPjDOPW9znHDvPjEvTHD_n1DzTgVqTHDknjTvTHDknjT3PHDKPH-hPWP6rHEVnWwhmBYYrH9OsyczuHnVrynYuH--n1bkmWmdTEDkTEDKnTDQsjDQPjc_nHcknkDQTyOdUAkKPhN1rHIhuHwBnhEYuhE3rT&tid=59f63a94-24fb-4989-b2e3-9c4e9e390b65&slotid=1000851&productid=10006&bizresource=0&extParam=%7B%22ppgy_stats%22%3A%7B%22pageSource%22%3A%22%22%2C%22resource%22%3A%2258%22%2C%22abVersion%22%3A%22%22%2C%22launchid%22%3A%22%22%7D%7D
【合租】望京 望京西园一区 3室次卧,望京西园一区,https://legoclick.58.com/cpaclick?target=szqBpB3draOWUvYf0A-80A7Guvq8uL-ds1EznWczn1bdrHNLnjc3XaO1pZwVUT7bsyNQn1nkrHuBsyDzn1mVPAF6nBY3rAuBsHRWn17bryDOuymduTDYPjmLPjT3P1mYnH9LrTDKnHE3nWEzPjbOrjN1PjDdPEDvnjTknjTKPHbvPjELTHD_n1DkTHD_nHDYnBkQnWT1THDdrHN3PWmYP1bznj0KnHmKwbnV0AnVUA-1IAQ-uMEKnEDQTEDVnEDKnWEOnHDdnWbdnWcOrHmkTHmKph-6wvNlnWTkn7t1njTkTHDKPvNQmWmLPWEVPj0vnBYYrAPbsH9dnhEVPjTYuADzuW9zmhRhTHDzPWcvnjT3nWD3njEQnWmznHTKnHcvnWmknj9znH0YnHcQnHmYrTDKTEDQsWTKTiYKTE7CIZwk01CfsvFJsWN3shPfUiqLmyOMph-8uzqkpyOkmy-MUvOMXgNf0A3fnit4Uy-80ZFGmvNqnWTkn7t1njTkTEDQnH08nHndsWDzPB3QPTDkTHTKna3knjDzP1DOPWDzPjEQPWb3PjDdTHD_n1DzTgVqTHDknjTvTHDknjT3PHDKP1mLnWNvPW0VP1TdmzYYuANYsH9vP10VujNLuhDvPjI-ujnLTEDkTEDKnTDQsjDQPjc_nHcknkDQTyOdUAkKuW-bPHDvP1DYnHbYnWnknE&tid=76725667-705c-4de4-8677-d57fa647ed37&slotid=1000851&productid=10006&bizresource=0&extParam=%7B%22ppgy_stats%22%3A%7B%22pageSource%22%3A%22%22%2C%22resource%22%3A%2258%22%2C%22abVersion%22%3A%22%22%2C%22launchid%22%3A%22%22%7D%7D
【合租】望京 南湖东园(二区) 4室次卧,南湖东园(二区),https://legoclick.58.com/cpaclick?target=szqBpB3draOWUvYf0A-80A7Guvq8uL-ds1Ezn1TOrH9LPHEQnHnzXaO1pZwVUT7bsyNQn1nkrHuBsyDzn1mVPAF6nBY3rAuBsHRWn17bryDOuymduTDYPjmLPjT3P1mYnH9LrTDKnHEOn1m1PW0znHnknWN1PEDvnjTknjTKPHbznHE1THD_n1DkTHD_nHDYnBkQnWT1THDdrHN3PWmYP1bznj0KnH0KwbnV0AnVUA-1IAQ-uMEKnEDQTEDVnEDKnWEOnHDdnWbdnWcOrHmkTHmKph-6wvNlnWTkn7t1njTkTHDKmyu-uW9znvDVrHwWmBYYuHP6sH9dPymVm1ndPW-bmvR-rHbOTHDzPWNYP1DknWnQnjbvPHmdP1mKnHcvPHELnHTzn1T1PjDdrHDkPTDKTEDQsWTKTiYKTE7CIZwk01CfsvFJsWN3shPfUiqLmyOMph-8uzqkpyOkmy-MUvOMXgNf0A3fnit4Uy-80ZFGmvNqnWTkn7t1njTkTEDQnH08nHndsWDzPB3QPTDkTHTKna3knjDzPWEznH9LPHn1njbYnHmKnik1nHcKXLYKnHTknjmKnHTknj9dnEDkPy76nymkuidbnvEksHE1rj0VrAckPiYLnHwbnWwhuhP-rjEKTHTKTEDkTHD_nHDYnBkQnWT1THDKUMR_UT76PWPBryuhPjmLnywbPvEQ&tid=05aa1f0e-d3d0-4387-8b05-714d24ffce84&slotid=1000851&productid=10006&bizresource=0&extParam=%7B%22ppgy_stats%22%3A%7B%22pageSource%22%3A%22%22%2C%22resource%22%3A%2258%22%2C%22abVersion%22%3A%22%22%2C%22launchid%22%3A%22%22%7D%7D
【合租】望京 望京西园四区 4室次卧,望京西园四区,https://legoclick.58.com/cpaclick?target=szqBpB3draOWUvYf0A-80A7Guvq8uL-ds1EznWcYn1TYrj0zPWTOXaO1pZwVUT7bsyNQn1nkrHuBsyDzn1mVPAF6nBY3rAuBsHRWn17bryDOuymduTDYPjmLPjT3P1mYnH9LrTDKnHE3nWmvrHn1rHnQrHnkn9DvnjTknjTKPH9Orjm1THD_n1DkTHD_nHDYnBkQnWT1THDdrHN3PWmYP1bznj0KnH9KwbnV0AnVUA-1IAQ-uMEKnEDQTEDVnEDKnWEOnHDdnWbdnWcOrHmkTHmKph-6wvNlnWTkn7t1njTkTHDKPjK6nWEYnHbVnAmznaYYuyEOsH9LuynVPAcknWNOP193rHEvTHDzPWcvPWn1P1nkP1EYrjNzPj9KnHcvnWmvn1nLnWbYPjEYrHN1P9DKTEDQsWTKTiYKTE7CIZwk01CfsvFJsWN3shPfUiqLmyOMph-8uzqkpyOkmy-MUvOMXgNf0A3fnit4Uy-80ZFGmvNqnWTkn7t1njTkTEDQnH08nHndsWDzPB3QPTDkTHTKna3knjDzPj0YPHnznWmYPj9QrjcvTHD_n1DzTgVqTHDknjTvTHDknjT3PHDKmycQryNkPAcVnAw6uBYYn1m1sH9duH0Vny7brHwbPH66Pjn3TEDkTEDKnTDQsjDQPjc_nHcknkDQTyOdUAkKmhubnjEYPWPWPvPBnjK6mE&tid=ab19e04b-0daf-4363-85e7-1ad94d58a438&slotid=1000851&productid=10006&bizresource=0&extParam=%7B%22ppgy_stats%22%3A%7B%22pageSource%22%3A%22%22%2C%22resource%22%3A%2258%22%2C%22abVersion%22%3A%22%22%2C%22launchid%22%3A%22%22%7D%7D
【合租】望京 南湖中园小区 3室次卧,南湖中园小区,https://legoclick.58.com/cpaclick?target=szqBpB3draOWUvYf0A-80A7Guvq8uL-ds1EznWEzrHTQrHNvnjbOXaO1pZwVUT7bsyNQn1nkrHuBsyDzn1mVPAF6nBY3rAuBsHRWn17bryDOuymduTDYPjmLPjT3P1mYnH9LrTDKnHE3PHTYrH0vPWTQnj9OPTDvnjTknjTKPH91P1ELTHD_n1DkTHD_nHDYnBkQnWT1THDdrHN3PWmYP1bznj0KnHbKwbnV0AnVUA-1IAQ-uMEKnEDQTEDVnEDKnWEOnHDdnWbdnWcOrHmkTHmKph-6wvNlnWTkn7t1njTkTHDKPym3n1RbnHnVPHNkPzYYujFWsycYP1cVnjR-ujbkPHELuHFhTHDzPWnzP1cLPWcQrjDYnW0znjTKnHcvn1cLnW0vnWDQrjNQnWmYnTDKTEDQsWTKTiYKTE7CIZwk01CfsvFJsWN3shPfUiqLmyOMph-8uzqkpyOkmy-MUvOMXgNf0A3fnit4Uy-80ZFGmvNqnWTkn7t1njTkTEDQnH08nHndsWDzPB3QPTDkTHTKna3knjDznWmQPWbOP1EOPHmkn1EQTHD_n1DzTgVqTHDknjTvTHDknjT3PHDKnh7bm1RhuADVuAELmzYYnH9OsycQnWTVuyczPj6WPWu-nW0LTEDkTEDKnTDQsjDQPjc_nHcknkDQTyOdUAkKmy7hnv7hPjEQujNdnWDYu9&tid=2adc5fda-dd7c-4189-b120-eb248c66e277&slotid=1000851&productid=10006&bizresource=0&extParam=%7B%22ppgy_stats%22%3A%7B%22pageSource%22%3A%22%22%2C%22resource%22%3A%2258%22%2C%22abVersion%22%3A%22%22%2C%22launchid%22%3A%22%22%7D%7D
【合租】望京 南湖东园(二区) 3室次卧,南湖东园(二区),https://legoclick.58.com/cpaclick?target=szqBpB3draOWUvYf0A-80A7Guvq8uL-ds1EznWnLnHE1njEOPWTvXaO1pZwVUT7bsyNQn1nkrHuBsyDzn1mVPAF6nBY3rAuBsHRWn17bryDOuymduTDYPjmLPjT3P1mYnH9LrTDKnHE3PjnQnWmzPWTvnWn1rEDvnjTknjTKPHbkPWN3THD_n1DkTHD_nHDYnBkQnWT1THDdrHN3PWmYP1bznj0KnWTKwbnV0AnVUA-1IAQ-uMEKnEDQTEDVnEDKnWEOnHDdnWbdnWcOrHmkTHmKph-6wvNlnWTkn7t1njTkTHDKmHbOuH9LPhmVPhwhniYYuAEdsH6BnjTVPAcQnW-hnAFWrH01THDzPWnkrjEkPHE1PjNOPjbQrjNKnHcvn1T3PjTdPjc3n1T1PjmzPTDKTEDQsWTKTiYKTE7CIZwk01CfsvFJsWN3shPfUiqLmyOMph-8uzqkpyOkmy-MUvOMXgNf0A3fnit4Uy-80ZFGmvNqnWTkn7t1njTkTEDQnH08nHndsWDzPB3QPTDkTHTKna3knjDQrHcLPHT3n19krj9LPjELTHD_n1DzTgVqTHDknjTvTHDknjT3PHDKryNkrjmdmWcVnHRBPzYYnjFWsH6hmWEVrANQmyDYmhEvnjTYTEDkTEDKnTDQsjDQPjc_nHcknkDQTyOdUAkKnywWPjEvuh7WuHPBnHTOuT&tid=9e0865b2-15b7-402c-8fb4-8e1aa4bd6004&slotid=1000851&productid=10006&bizresource=0&extParam=%7B%22ppgy_stats%22%3A%7B%22pageSource%22%3A%22%22%2C%22resource%22%3A%2258%22%2C%22abVersion%22%3A%22%22%2C%22launchid%22%3A%22%22%7D%7D
【合租】望京 南湖中园小区 3室次卧,南湖中园小区,https://legoclick.58.com/cpaclick?target=szqBpB3draOWUvYf0A-80A7Guvq8uL-ds1EznWcdrH9zrj0YPHDdXaO1pZwVUT7bsyNQn1nkrHuBsyDzn1mVPAF6nBY3rAuBsHRWn17bryDOuymduTDYPjmLPjT3P1mYnH9LrTDKnHE3nW93PjDzn1mLrH0dnkDvnjTknjTKPHb1rHmOTHD_n1DkTHD_nHDYnBkQnWT1THDdrHN3PWmYP1bznj0KnWDKwbnV0AnVUA-1IAQ-uMEKnEDQTEDVnEDKnWEOnHDdnWbdnWcOrHmkTHmKph-6wvNlnWTkn7t1njTkTHDKrHuBrHwhm1bVrAmOuiYYrAPBsH-6mHcVny7Wn1nvn1DLryNkTHDzPWcLnH91PH0OnWDkrHDdrjEKnHcvnW0QrjndP193n1n1njNvnEDKTEDQsWTKTiYKTE7CIZwk01CfsvFJsWN3shPfUiqLmyOMph-8uzqkpyOkmy-MUvOMXgNf0A3fnit4Uy-80ZFGmvNqnWTkn7t1njTkTEDQnH08nHndsWDzPB3QPTDkTHTKna3knjDQP1nOrjDkrHTLP1NkrH0Knik1nHcKXLYKnHTknjmKnHTknj9dnE76ryNduWw-PaY3PWKWsHw-ujbVrycQPiY3m191PHN1nhcQnvnKTHTKTEDkTHD_nHDYnBkQnWT1THDKUMR_UTDdmHDdnWTzrH0LnWcLrHNL&tid=a9e5f4e4-860c-4ed9-9b15-8c835532b13c&slotid=1000851&productid=10006&bizresource=0&extParam=%7B%22ppgy_stats%22%3A%7B%22pageSource%22%3A%22%22%2C%22resource%22%3A%2258%22%2C%22abVersion%22%3A%22%22%2C%22launchid%22%3A%22%22%7D%7D
【合租】望京 利泽西园 3室次卧,利泽西园,https://legoclick.58.com/cpaclick?target=szqBpB3draOWUvYf0A-80A7Guvq8uL-ds1EznWb3PHmdrjcQnWD1XaO1pZwVUT7bsyNQn1nkrHuBsyDzn1mVPAF6nBY3rAuBsHRWn17bryDOuymduTDYPjmLPjT3P1mYnH9LrTDKnHEOnWDLPj0YnHTkn1cvrEDvnjTknjTKPH0vnWDQTHD_n1DkTHD_nHDYnBkQnWT1THDdrHN3PWmYP1bznj0KnWcKwbnV0AnVUA-1IAQ-uMEKnEDQTEDVnEDKnWEOnHDdnWbdnWcOrHmkTHmKph-6wvNlnWTkn7t1njTkTHDKmHF-mW7-PWbVryFhPzYYujmvsH91rH0VmvDOuyn3nvnYmW9zTHDzPWNkrHmLPHNOn1TLPjm3rjTKnHcvPHTOPW0dPH9vP191nWnznEDKTEDQsWTKTiYKTE7CIZwk01CfsvFJsWN3shPfUiqLmyOMph-8uzqkpyOkmy-MUvOMXgNf0A3fnit4Uy-80ZFGmvNqnWTkn7t1njTkTEDQnH08nHndsWDzPB3QPTDkTHTKna3knjDQPWDOrjmLP1DvPWbkrHcKnik1nHcKXLYKnHTknjmKnHTknj9dnE76PWbvm1PhPBYYuH9zsHw6nWEVmHN1nzYvmHTvP1cLuWwBuj9KTHTKTEDkTHD_nHDYnBkQnWT1THDKUMR_UTDYP1c3myNOmvP-nhPBP1Tz&tid=a696c3f6-4e82-4a24-a533-6a06727f4bd8&slotid=1000851&productid=10006&bizresource=0&extParam=%7B%22ppgy_stats%22%3A%7B%22pageSource%22%3A%22%22%2C%22resource%22%3A%2258%22%2C%22abVersion%22%3A%22%22%2C%22launchid%22%3A%22%22%7D%7D
【合租】望京 世安家园 3室主卧,世安家园,https://legoclick.58.com/cpaclick?target=szqBpB3draOWUvYf0A-80A7Guvq8uL-ds1EznHELrHnYPWnOPWnYXaO1pZwVUT7bsyNQn1nkrHuBsyDzn1mVPAF6nBY3rAuBsHRWn17bryDOuymduTDYPjmLPjT3P1mYnH9LrTDKnHELnW9On1bYrj01nWEzrTDvnjTknjTKPHbLPHnOTHD_n1DkTHD_nHDYnBkQnWT1THDdrHN3PWmYP1bznj0KnWnKwbnV0AnVUA-1IAQ-uMEKnEDQTEDVnEDKnWEOnHDdnWbdnWcOrHmkTHmKph-6wvNlnWTkn7t1njTkTHDKmhPBuhP6PvcVPvwhuBYYnHKWsy76uAmVmyw6uAR-PyFhnhD3THDzPWTQPWT3P1nQrHcLP1DdrjEKnHcvnjDvnj9Ln1D1PjTdnHnzrTDKTEDQsWTKTiYKTE7CIZwk01CfsvFJsWN3shPfUiqLmyOMph-8uzqkpyOkmy-MUvOMXgNf0A3fnit4Uy-80ZFGmvNqnWTkn7t1njTkTEDQnH08nHndsWDzPB3QPTDkTHTKna3knjDQnHNLnWcLrjmQnjbLnj0Knik1nHcKXLYKnHTknjmKnHTknj9dnEDOrjTLn1bQnzY1mvn3sHEOuhnVrHP-PzY3uW7hmyRWmH6-n1NKTHTKTEDkTHD_nHDYnBkQnWT1THDKUMR_UTDQPWNQuWT3rARhuWDvmHNL&tid=98073913-3cc8-49fc-93e7-8f1faeca8e35&slotid=1000851&productid=10006&bizresource=0&extParam=%7B%22ppgy_stats%22%3A%7B%22pageSource%22%3A%22%22%2C%22resource%22%3A%2258%22%2C%22abVersion%22%3A%22%22%2C%22launchid%22%3A%22%22%7D%7D
【合租】望京 南湖中园小区 3室次卧,南湖中园小区,https://legoclick.58.com/cpaclick?target=szqBpB3draOWUvYf0A-80A7Guvq8uL-ds1EznWn3nHc1nHD1nWEzXaO1pZwVUT7bsyNQn1nkrHuBsyDzn1mVPAF6nBY3rAuBsHRWn17bryDOuymduTDYPjmLPjT3P1mYnH9LrTDKnHE3PjE1rjTLPjcvrHmOPkDvnjTknjTKPH9zP19kTHD_n1DkTHD_nHDYnBkQnWT1THDdrHN3PWmYP1bznj9KnWEKwbnV0AnVUA-1IAQ-uMEKnEDQTEDVnEDKnWEOnHDdnWbdnWcOrHmkTHmKph-6wvNlnWTkn7t1njTkTHDKmvEQuyEduH0VnAmQuiYYujDQsH9QmH9VrjDOm19LnjubmWP-THDzPWnQnHmQPWbQnWT3PjbOnWTKnHcvn1DQPWDvrHTYnHDLnjE1n9DKTEDQsWTKTiYKTE7CIZwk01CfsvFJsWN3shPfUiqLmyOMph-8uzqkpyOkmy-MUvOMXgNf0A3fnit4Uy-80ZFGmvNqnWTkn7t1njTkTEDQnH08nHndsWDzPB3QPTDkTHTKna3knjDQnHTOPWcQnHEdrHbYPHDLTHD_n1DzTgVqTHDknjTvTHDknjT3PHDKmHuBP1D3mycVnHw6mBYYPjcLsycvmHDVujNQnWcvrAD3uH6bTEDkTEDKnTDQsjDQPjc_nHcknkDQTyOdUAkKuyDLrHE1mHDOrj93uH0LPT&tid=a6b718ab-14ab-4427-b6a1-d512268a8e8d&slotid=1000851&productid=10006&bizresource=0&extParam=%7B%22ppgy_stats%22%3A%7B%22pageSource%22%3A%22%22%2C%22resource%22%3A%2258%22%2C%22abVersion%22%3A%22%22%2C%22launchid%22%3A%22%22%7D%7D
【合租】望京 南湖东园(二区) 2室次卧,南湖东园(二区),https://legoclick.58.com/cpaclick?target=szqBpB3draOWUvYf0A-80A7Guvq8uL-ds1EkPW0drjEOPjbvnWnzXaO1pZwVUT7bsyNQn1nkrHuBsyDzn1mVPAF6nBY3rAuBsHRWn17bryDOuymduTDYPjmLPjT3P1mYnH9LrTDKnHc3PjEvP1TdnHndP1D3rTDvnjTknjTKPHbvrj0OTHD_n1DkTHD_nHDYnBkQnWT1THDdrHN3PWmYP1bznj9KnWNKwbnV0AnVUA-1IAQ-uMEKnEDQTEDVnEDKnWEOnHDdnWbdnWcOrHmkTHmKph-6wvNlnWTkn7t1njTkTHDKnvn1nWNQnHcVnvELmzYYnWNQsyF-PHTVPymdPANzrAPhn1EdTHDznHDOnWndrj0znWNvn1cLPW9KnHcQnHbzn1N3P1DvnW01PjNOn9DKTEDQsWTKTiYKTE7CIZwk01CfsvFJsWN3shPfUiqLmyOMph-8uzqkpyOkmy-MUvOMXgNf0A3fnit4Uy-80ZFGmvNqnWTkn7t1njTkTEDQnH08nHndsWDzPB3QPTDkTHTKna3knjDkP193rHcOnjnzPWmOnH01THD_n1DzTgVqTHDknjTvTHDknjT3PHDKrju-nWTOrjmVrjbdriYYm1TdsycdPhnVrHK-mhuWmH6BmHmOTEDkTEDKnTDQsjDQPjc_nHcknkDQTyOdUAkKnWFBPj66ujcOnH0QuH9YPT&tid=86e20986-8959-4c05-b56c-90ebfca8ba69&slotid=1000851&productid=10006&bizresource=0&extParam=%7B%22ppgy_stats%22%3A%7B%22pageSource%22%3A%22%22%2C%22resource%22%3A%2258%22%2C%22abVersion%22%3A%22%22%2C%22launchid%22%3A%22%22%7D%7D
【合租】望京 南湖中园小区 3室主卧,南湖中园小区,https://legoclick.58.com/cpaclick?target=szqBpB3draOWUvYf0A-80A7Guvq8uL-ds1EznWc3PW9YPHELn1m1XaO1pZwVUT7bsyNQn1nkrHuBsyDzn1mVPAF6nBY3rAuBsHRWn17bryDOuymduTDYPjmLPjT3P1mYnH9LrTDKnHE3n1czrHb1P1bvPWTOnTDvnjTknjTKPHbvrjTkTHD_n1DkTHD_nHDYnBkQnWT1THDdrHN3PWmYP1bznj9KnWmKwbnV0AnVUA-1IAQ-uMEKnEDQTEDVnEDKnWEOnHDdnWbdnWcOrHmkTHmKph-6wvNlnWTkn7t1njTkTHDKryEQPWR-mhnVrynvnBYYnh7bsyDQPWcVPywWry7hP1P6myR6THDzPWc3njm3rjmQrjDzPWD1nHcKnHcvnW9kPW93PWDzPW0zn1TLn9DKTEDQsWTKTiYKTE7CIZwk01CfsvFJsWN3shPfUiqLmyOMph-8uzqkpyOkmy-MUvOMXgNf0A3fnit4Uy-80ZFGmvNqnWTkn7t1njTkTEDQnH08nHndsWDzPB3QPTDkTHTKna3knjDkP1nQnjckPH9LP1b3njndTHD_n1DzTgVqTHDknjTvTHDknjT3PHDKP1FbPvEkuW0VmyDzuBYYnHEksyFhP1NVmHc3ujNLujbvPWmkTEDkTEDKnTDQsjDQPjc_nHcknkDQTyOdUAkKnhRBuH9Luj7WrH6WrHbOn9&tid=72d7d0f7-aa2f-4140-bf75-a28d57d96660&slotid=1000851&productid=10006&bizresource=0&extParam=%7B%22ppgy_stats%22%3A%7B%22pageSource%22%3A%22%22%2C%22resource%22%3A%2258%22%2C%22abVersion%22%3A%22%22%2C%22launchid%22%3A%22%22%7D%7D
【合租】望京 南湖中园一区(西 3室次卧,南湖中园一区(西,https://legoclick.58.com/cpaclick?target=szqBpB3draOWUvYf0A-80A7Guvq8uL-ds1EznWnYnHb3PHTQPWELXaO1pZwVUT7bsyNQn1nkrHuBsyDzn1mVPAF6nBY3rAuBsHRWn17bryDOuymduTDYPjmLPjT3P1mYnH9LrTDKnHE3n1b1PH0zPjTvP19dnTDvnjTknjTKPHbdPHczTHD_n1DkTHD_nHDYnBkQnWT1THDdrHN3PWmYP1bznj9KnW0KwbnV0AnVUA-1IAQ-uMEKnEDQTEDVnEDKnWEOnHDdnWbdnWcOrHmkTHmKph-6wvNlnWTkn7t1njTkTHDKPAD3uycvuHmVmhmdnBYYrAu-syFhnAmVujDzuAu6m1mkn10zTHDzPWcOrj0dPW03PWnLnjDdnjEKnHcvnWb3P1NvP10OPWNOnWmYnTDKTEDQsWTKTiYKTE7CIZwk01CfsvFJsWN3shPfUiqLmyOMph-8uzqkpyOkmy-MUvOMXgNf0A3fnit4Uy-80ZFGmvNqnWTkn7t1njTkTEDQnH08nHndsWDzPB3QPTDkTHTKna3knjDkPW0znjTOn1bYPjEkrHEdTHD_n1DzTgVqTHDknjTvTHDknjT3PHDKuWDzuAndPWbVnHN1PaYYPW0ksycYrjmVuHRhnWRhmWR6ryubTEDkTEDKnTDQsjDQPjc_nHcknkDQTyOdUAkKuHEznhPhPWFBnvuBPynQnT&tid=f12dc569-1534-4670-b486-e5f25fb5a9fd&slotid=1000851&productid=10006&bizresource=0&extParam=%7B%22ppgy_stats%22%3A%7B%22pageSource%22%3A%22%22%2C%22resource%22%3A%2258%22%2C%22abVersion%22%3A%22%22%2C%22launchid%22%3A%22%22%7D%7D
【合租】望京 世安家园 4室次卧,世安家园,https://legoclick.58.com/cpaclick?target=szqBpB3draOWUvYf0A-80A7Guvq8uL-ds1EznWc3rHnkPHE3P1mLXaO1pZwVUT7bsyNQn1nkrHuBsyDzn1mVPAF6nBY3rAuBsHRWn17bryDOuymduTDYPjmLPjT3P1mYnH9LrTDKnHE3n1cvnHEzPWDQPjNvPkDvnjTknjTKPH9LnW9zTHD_n1DkTHD_nHDYnBkQnWT1THDdrHN3PWmYP1bznj9KnW9KwbnV0AnVUA-1IAQ-uMEKnEDQTEDVnEDKnWEOnHDdnWbdnWcOrHmkTHmKph-6wvNlnWTkn7t1njTkTHDKn1w6rADOuW0VnH7WPiYYPvEYsH-BnHNVP17BuWIWmWbOPjDOTHDzPWc3nHEOPj0QPj0knHTkPjbKnHcvnW9QPjbYP1TLrH93rj9OP9DKTEDQsWTKTiYKTE7CIZwk01CfsvFJsWN3shPfUiqLmyOMph-8uzqkpyOkmy-MUvOMXgNf0A3fnit4Uy-80ZFGmvNqnWTkn7t1njTkTEDQnH08nHndsWDzPB3QPTDkTHTKna3knjDkPHbkPHbzrjNLPHcYPjDzTHD_n1DzTgVqTHDknjTvTHDknjT3PHDKnjDLPhRWrjbVuH-WmzYYrjD3sHbOm1TVPH0Lnju6nhEdmymzTEDkTEDKnTDQsjDQPjc_nHcknkDQTyOdUAkKP1-6nym3nhu-rju-njw6nE&tid=0176ec89-e9cc-4818-99c0-57706a2d5af2&slotid=1000851&productid=10006&bizresource=0&extParam=%7B%22ppgy_stats%22%3A%7B%22pageSource%22%3A%22%22%2C%22resource%22%3A%2258%22%2C%22abVersion%22%3A%22%22%2C%22launchid%22%3A%22%22%7D%7D
【合租】望京 南湖东园(二区) 3室次卧,南湖东园(二区),https://legoclick.58.com/cpaclick?target=szqBpB3draOWUvYf0A-80A7Guvq8uL-ds1EznWcvrjT1rHNOnWTvXaO1pZwVUT7bsyNQn1nkrHuBsyDzn1mVPAF6nBY3rAuBsHRWn17bryDOuymduTDYPjmLPjT3P1mYnH9LrTDKnHE3nWb3rHczn1TvnjEOPTDvnjTknjTKPHb1njb1THD_n1DkTHD_nHDYnBkQnWT1THDdrHN3PWmYP1bznj9KnWbKwbnV0AnVUA-1IAQ-uMEKnEDQTEDVnEDKnWEOnHDdnWbdnWcOrHmkTHmKph-6wvNlnWTkn7t1njTkTHDKPjDdmW-WnynVuHbduBYYPhmvsH91uhmVnhcQPH-BnyFhP1DvTHDzPWcLPjNzPWnQn1bLn10vnjTKnHcvnW0YPHcvn1DknHbLPWNLPkDKTEDQsWTKTiYKTE7CIZwk01CfsvFJsWN3shPfUiqLmyOMph-8uzqkpyOkmy-MUvOMXgNf0A3fnit4Uy-80ZFGmvNqnWTkn7t1njTkTEDQnH08nHndsWDzPB3QPTDkTHTKna3knjDkn1mYn1NYPjDOnWndPTDQsjnQn97exEDQnjTkP9DQnjTkrjNQTHT1PW0kuWDksHP-uynVPjnQnBY3ryNksyPWnvPBPj01uA76P9DKnTDKTHTKnikQnHEzsjDznjnKnE78IyQ_Tycdn1bvuWIbPWE3P10YmHc&tid=03670f10-3eec-4312-89e0-cc3cb473daa6&slotid=1000851&productid=10006&bizresource=0&extParam=%7B%22ppgy_stats%22%3A%7B%22pageSource%22%3A%22%22%2C%22resource%22%3A%2258%22%2C%22abVersion%22%3A%22%22%2C%22launchid%22%3A%22%22%7D%7D
【合租】望京 南湖渠西里 3室次卧,南湖渠西里,https://legoclick.58.com/cpaclick?target=szqBpB3draOWUvYf0A-80A7Guvq8uL-ds1EkP1EknWm1rHN3njN1XaO1pZwVUT7bsyNQn1nkrHuBsyDzn1mVPAF6nBY3rAuBsHRWn17bryDOuymduTDYPjmLPjT3P1mYnH9LrTDKnHcOnW0QnWDknWN3n1nkrEDvnjTknjTKPH0vnW03THD_n1DkTHD_nHDYnBkQnWT1THDdrHN3PWmYP1bznj9Kn1TKwbnV0AnVUA-1IAQ-uMEKnEDQTEDVnEDKnWEOnHDdnWbdnWcOrHmkTHmKph-6wvNlnWTkn7t1njTkTHDKuW7hmhFbmvDVnW6-uBYYPWPbsH93rjcVnW0OmWn1Pj76ry7bTHDznHEkn1E1nWTYn1c1nHmYnHmKnHcQPjT1PjnznjnvrHEknH9dP9DKTEDQsWTKTiYKTE7CIZwk01CfsvFJsWN3shPfUiqLmyOMph-8uzqkpyOkmy-MUvOMXgNf0A3fnit4Uy-80ZFGmvNqnWTkn7t1njTkTEDQnH08nHndsWDzPB3QPTDkTHTKna3knjDknWE1n1D3PW0znHckPWEzTHD_n1DzTgVqTHDknjTvTHDknjT3PHDKPHbzPWNOuHTVPycvniYYujcksyFBuH9VmvR-n193rj9vryDzTEDkTEDKnTDQsjDQPjc_nHcknkDQTyOdUAkKPWw6nW9kmWELPWm3rjIWPk&tid=592659e0-5b61-4d20-bbe8-cee3888869a2&slotid=1000851&productid=10006&bizresource=0&extParam=%7B%22ppgy_stats%22%3A%7B%22pageSource%22%3A%22%22%2C%22resource%22%3A%2258%22%2C%22abVersion%22%3A%22%22%2C%22launchid%22%3A%22%22%7D%7D
【合租】望京 南湖中园小区 3室次卧,南湖中园小区,https://legoclick.58.com/cpaclick?target=szqBpB3draOWUvYf0A-80A7Guvq8uL-ds1Ezn1T1rjbYPWNvPWEYXaO1pZwVUT7bsyNQn1nkrHuBsyDzn1mVPAF6nBY3rAuBsHRWn17bryDOuymduTDYPjmLPjT3P1mYnH9LrTDKnHEOnW9dPW91nH9LP1DznEDvnjTknjTKPHbdPHD1THD_n1DkTHD_nHDYnBkQnWT1THDdrHN3PWmYP1bznj9Kn1DKwbnV0AnVUA-1IAQ-uMEKnEDQTEDVnEDKnWEOnHDdnWbdnWcOrHmkTHmKph-6wvNlnWTkn7t1njTkTHDKmHDzPAE3PWTVrjTYnaYYuynOsy76mHNVuhuhmW01rj01nhndTHDzPWNzP1D1P1DQPWTvn10YPjTKnHcvPHcLnHnLnHDkPWTOrHcknTDKTEDQsWTKTiYKTE7CIZwk01CfsvFJsWN3shPfUiqLmyOMph-8uzqkpyOkmy-MUvOMXgNf0A3fnit4Uy-80ZFGmvNqnWTkn7t1njTkTEDQnH08nHndsWDzPB3QPTDkTHTKri33n1mvn1EznHEknHEQnW67sHEKnik1nHcKXLYKnHTknjmKnHTknj9dnE7-nyDkPvEkmiYvPjndsHEYmvnVrjbkPzYYuWn3ryE1mHmQPymKTHTKTEDkTHD_nHDYnBkQnWT1THDKUMR_UTD1myuBnvR-mW6hPjmdP19Q&tid=e1a07d0a-6435-44cc-8907-4f389d3a615f&slotid=1000851&productid=10006&bizresource=0&extParam=%7B%22ppgy_stats%22%3A%7B%22pageSource%22%3A%22%22%2C%22resource%22%3A%2258%22%2C%22abVersion%22%3A%22%22%2C%22launchid%22%3A%22%22%7D%7D
【合租】望京 世安家园 3室主卧,世安家园,https://legoclick.58.com/cpaclick?target=szqBpB3draOWUvYf0A-80A7Guvq8uL-ds1EznWcdPj0zrH93nHm1XaO1pZwVUT7bsyNQn1nkrHuBsyDzn1mVPAF6nBY3rAuBsHRWn17bryDOuymduTDYPjmLPjT3P1mYnH9LrTDKnHE3nW9Qrj9drjnQnW0QP9DvnjTknjTKPHb3njm1THD_n1DkTHD_nHDYnBkQnWT1THDdrHN3PWmYP1bznj9Kn1cKwbnV0AnVUA-1IAQ-uMEKnEDQTEDVnEDKnWEOnHDdnWbdnWcOrHmkTHmKph-6wvNlnWTkn7t1njTkTHDKmyFWuhnQnHnVrAnOriYYPHTksHbYPAcVnjcdPW6Buj9YuycYTHDzPWcLnjDvPHTzPjcYPH0vnjTKnHcvnW0knHmdnjD3n101P1nYPEDKTEDQsWTKTiYKTE7CIZwk01CfsvFJsWN3shPfUiqLmyOMph-8uzqkpyOkmy-MUvOMXgNf0A3fnit4Uy-80ZFGmvNqnWTkn7t1njTkTEDQnH08nHndsWDzPB3QPTDkTHTKri3LPWDYPjmOPjbkPHNzrH-7sHEKnik1nHcKXLYKnHTknjmKnHTknj9dnEDYuWDzPy76PzY3n1E3sHw-mvNVrjT1nBYLPAn3PvF-rHmLuhEKTHTKTEDkTHD_nHDYnBkQnWT1THDKUMR_UTDYPHRWnyDzrHPBmW0OmW9Q&tid=4f125aa7-8348-4ece-8032-74c87be967fd&slotid=1000851&productid=10006&bizresource=0&extParam=%7B%22ppgy_stats%22%3A%7B%22pageSource%22%3A%22%22%2C%22resource%22%3A%2258%22%2C%22abVersion%22%3A%22%22%2C%22launchid%22%3A%22%22%7D%7D
【合租】望京 望京西园四区 3室主卧,望京西园四区,https://legoclick.58.com/cpaclick?target=szqBpB3draOWUvYf0A-80A7Guvq8uL-ds1EznW9Onj0zP1TQrHmzXaO1pZwVUT7bsyNQn1nkrHuBsyDzn1mVPAF6nBY3rAuBsHRWn17bryDOuymduTDYPjmLPjT3P1mYnH9LrTDKnHEOnjbdrHmznH9zPHNYP9DvnjTknjTKPH0YnjEzTHD_n1DkTHD_nHDYnBkQnWT1THDdrHN3PWmYP1bznj9Kn1nKwbnV0AnVUA-1IAQ-uMEKnEDQTEDVnEDKnWEOnHDdnWbdnWcOrHmkTHmKph-6wvNlnWTkn7t1njTkTHDKPHwBujczn1cVPWTQPiYYujRWsyDvmhnVuj6WuAPWuhnvnvnvTHDzPWELrjNvrjN1nj0YPWNLnW9KnHcvPj03PHm3PHcvPHN1PjbLP9DKTEDQsWTKTiYKTE7CIZwk01CfsvFJsWN3shPfUiqLmyOMph-8uzqkpyOkmy-MUvOMXgNf0A3fnit4Uy-80ZFGmvNqnWTkn7t1njTkTEDQnH08nHndsWDzPB3QPTDkTHTKri3LnW91nWc1nHmOnWmYnjF7sHEKnik1nHcKXLYKnHTknjmKnHTknj9dnE7hPymzPH7-PzYdrAmzsHw-ryEVmWTzuBYznA7hn16hPH6bPj9KTHTKTEDkTHD_nHDYnBkQnWT1THDKUMR_UT7Wmyu-myEQPHT3nAPWryNO&tid=f5f251e7-58f2-4e9d-b02f-20af38f58d48&slotid=1000851&productid=10006&bizresource=0&extParam=%7B%22ppgy_stats%22%3A%7B%22pageSource%22%3A%22%22%2C%22resource%22%3A%2258%22%2C%22abVersion%22%3A%22%22%2C%22launchid%22%3A%22%22%7D%7D
【合租】望京 南湖中园小区 4室次卧,南湖中园小区,https://legoclick.58.com/cpaclick?target=szqBpB3draOWUvYf0A-80A7Guvq8uL-ds1EznWD1PHDQPW0zrjEOXaO1pZwVUT7bsyNQn1nkrHuBsyDzn1mVPAF6nBY3rAuBsHRWn17bryDOuymduTDYPjmLPjT3P1mYnH9LrTDKnHE3nHc3P19QnjTQPjcQrEDvnjTknjTKPH03rjcYTHD_n1DkTHD_nHDYnBkQnWT1THDdrHN3PWmYP1bznj9Kn1EKwbnV0AnVUA-1IAQ-uMEKnEDQTEDVnEDKnWEOnHDdnWbdnWcOrHmkTHmKph-6wvNlnWTkn7t1njTkTHDKrjI-rHm3uHnVuHNvriYYnjDOsHbvPhNVnj9dmHnvnADvP1nzTHDzPWc1njbLnjDdnHnvPWcYPWEKnHcvnWnkrH0knHEdnj0YP1bkPEDKTEDQsWTKTiYKTE7CIZwk01CfsvFJsWN3shPfUiqLmyOMph-8uzqkpyOkmy-MUvOMXgNf0A3fnit4Uy-80ZFGmvNqnWTkn7t1njTkTEDQnH08nHndsWDzPB3QPTDkTHTKri31njN3nWDOrH0QP1bkn1-7sHEKnik1nHcKXLYKnHTknjmKnHTknj9dnEDkrjDzryu-PaYvnjELsHEOuAcVmW7WuBY3uAcQujDkPjubPWDKTHTKTEDkTHD_nHDYnBkQnWT1THDKUMR_UTD1mhNQuWEQrAF-nvnznA76&tid=08129fe4-6047-49db-b1cf-8db1d1046d61&slotid=1000851&productid=10006&bizresource=0&extParam=%7B%22ppgy_stats%22%3A%7B%22pageSource%22%3A%22%22%2C%22resource%22%3A%2258%22%2C%22abVersion%22%3A%22%22%2C%22launchid%22%3A%22%22%7D%7D
【合租】望京 南湖东园一区 3室次卧,南湖东园一区,https://legoclick.58.com/cpaclick?target=szqBpB3draOWUvYf0A-80A7Guvq8uL-ds1EzPWTzPjnLn1TdnWnkXaO1pZwVUT7bsyNQn1nkrHuBsyDzn1mVPAF6nBY3rAuBsHRWn17bryDOuymduTDYPjmLPjT3P1mYnH9LrTDKnHN1nHTLnjcOnjbYPHT1PTDvnjTknjTKPH9vP1NkTHD_n1DkTHD_nHDYnBkQnWT1THDdrHN3PWmYP1bznj9Kn1NKwbnV0AnVUA-1IAQ-uMEKnEDQTEDVnEDKnWEOnHDdnWbdnWcOrHmkTHmKph-6wvNlnWTkn7t1njTkTHDKmWbLnWmQuhEVPH66niYYmyP-sHbLmvDVmW76PhcQrjmLnADOTHDzP1NkPHEknHmvrHTQPj01nW9KnHcLPHTdPjTQPWm1nHEzP1TLn9DKTEDQsWTKTiYKTE7CIZwk01CfsvFJsWN3shPfUiqLmyOMph-8uzqkpyOkmy-MUvOMXgNf0A3fnit4Uy-80ZFGmvNqnWTkn7t1njTkTEDQnH08nHndsWDzPB3QPTDkTHTKra3OP1N3PHDdPWcQrHbzrjP7sHEKnik1nHcKXLYKnHTknjmKnHTknj9dnEDzrHcvn1EQnaY3nHEYsHEQrAnVrjmQPaYknjTznWP6nvEzmvcKTHTKTEDkTHD_nHDYnBkQnWT1THDKUMR_UT7bPyEvrjbkPWu-PAn1uAN3&tid=29263410-8144-418c-8614-000223a3d2cb&slotid=1000851&productid=10006&bizresource=0&extParam=%7B%22ppgy_stats%22%3A%7B%22pageSource%22%3A%22%22%2C%22resource%22%3A%2258%22%2C%22abVersion%22%3A%22%22%2C%22launchid%22%3A%22%22%7D%7D
【合租】望京 望京西园四区 4室次卧,望京西园四区,https://legoclick.58.com/cpaclick?target=szqBpB3draOWUvYf0A-80A7Guvq8uL-ds1EznWcdrjm3PWbvnj9zXaO1pZwVUT7bsyNQn1nkrHuBsyDzn1mVPAF6nBY3rAuBsHRWn17bryDOuymduTDYPjmLPjT3P1mYnH9LrTDKnHE3nW9vrHNkrj9dPW9YnEDvnjTknjTKPH91PH93THD_n1DkTHD_nHDYnBkQnWT1THDdrHN3PWmYP1bznj9Kn1mKwbnV0AnVUA-1IAQ-uMEKnEDQTEDVnEDKnWEOnHDdnWbdnWcOrHmkTHmKph-6wvNlnWTkn7t1njTkTHDKuhnOPhPWnvcVPhnzPaYYmvELsH9zmWTVmWmLPhcOryNQuyEkTHDzPWcLnHEvnHmYrjTzP1mYrjTKnHcvnW0QPjmQPWEkPj0OnHcOP9DKTEDQsWTKTiYKTE7CIZwk01CfsvFJsWN3shPfUiqLmyOMph-8uzqkpyOkmy-MUvOMXgNf0A3fnit4Uy-80ZFGmvNqnWTkn7t1njTkTEDQnH08nHndsWDzPB3QPTDkTHTKra3LP1mQPjnknj0Qn1m1n1F7sHEKnik1nHcKXLYKnHTknjmKnHTknj9dnEDdPHwhryEznzd6PyEvsHEdmycVrH9QnaY1uHckmWDkn1b1rHEKTHTKTEDkTHD_nHDYnBkQnWT1THDKUMR_UTDQrH-BrHbOmW9vmhnLnAc3&tid=554f9d23-a5d6-45ab-9810-3e20b1039394&slotid=1000851&productid=10006&bizresource=0&extParam=%7B%22ppgy_stats%22%3A%7B%22pageSource%22%3A%22%22%2C%22resource%22%3A%2258%22%2C%22abVersion%22%3A%22%22%2C%22launchid%22%3A%22%22%7D%7D
【合租】望京 望京西园一区 4室次卧,望京西园一区,https://legoclick.58.com/cpaclick?target=szqBpB3draOWUvYf0A-80A7Guvq8uL-ds1EQrjmOPjNkP1EYnjbLXaO1pZwVUT7bsyNQn1nkrHuBsyDzn1mVPAF6nBY3rAuBsHRWn17bryDOuymduTDYPjmLPjT3P1mYnH9LrTDKnHE1P1cYrjTQnjNLPWbknTDvnjTknjTKPHNYPWNvTHD_n1DkTHD_nHDYnBkQnWT1THDdrHN3PWmYP1bznj9Kn10KwbnV0AnVUA-1IAQ-uMEKnEDQTEDVnEDKnWEOnHDdnWbdnWcOrHmkTHmKph-6wvNlnWTkn7t1njTkTHDKuH0kPW6-PhNVrHT1uaYYuW6WsyczPjEVnhnkuWm1mHnvPj6BTHDzPHDkn1NdnHcOn1cvP1DYrj9KnHcdnHT1PHNQnW9vrH0dPWbzrTDKTEDQsWTKTiYKTE7CIZwk01CfsvFJsWN3shPfUiqLmyOMph-8uzqkpyOkmy-MUvOMXgNf0A3fnit4Uy-80ZFGmvNqnWTkn7t1njTkTEDQnH08nHndsWDzPB3QPTDkTHTKra3dn1Evn1TknHDYrjEYrHF7sHEKnik1nHcKXLYKnHTknjmKnHTknj9dnED1rjnOrjcOuBYvnHF-sHw-nWnVmHTdPBdhrj--uW76uAmQPjbKTHTKTEDkTHD_nHDYnBkQnWT1THDKUMR_UTD1m1FhuWw-nAcvPHbYnH66&tid=3839829f-612e-4e23-a056-f89ef1adf149&slotid=1000851&productid=10006&bizresource=0&extParam=%7B%22ppgy_stats%22%3A%7B%22pageSource%22%3A%22%22%2C%22resource%22%3A%2258%22%2C%22abVersion%22%3A%22%22%2C%22launchid%22%3A%22%22%7D%7D
【合租】望京 望京西园四区 4室次卧,望京西园四区,https://legoclick.58.com/cpaclick?target=szqBpB3draOWUvYf0A-80A7Guvq8uL-ds1EznWNzPHN1nWnvnWn3XaO1pZwVUT7bsyNQn1nkrHuBsyDzn1mVPAF6nBY3rAuBsHRWn17bryDOuymduTDYPjmLPjT3P1mYnH9LrTDKnHE3PWc3PHD1njTYPWEvP9DvnjTknjTKPHbvn1bOTHD_n1DkTHD_nHDYnBkQnWT1THDdrHN3PWmYP1bznjbKn19KwbnV0AnVUA-1IAQ-uMEKnEDQTEDVnEDKnWEOnHDdnWbdnWcOrHmkTHmKph-6wvNlnWTkn7t1njTkTHDKrjPbrjTLPH0VP1nvmBYYPH9YsHbYnjTVPhNknyubmvR-my7-THDzPWndrjbknHN1nHD3rjEzrj9KnHcvn1N3rHTQPHcdn1DvPjT1n9DKTEDQsWTKTiYKTE7CIZwk01CfsvFJsWN3shPfUiqLmyOMph-8uzqkpyOkmy-MUvOMXgNf0A3fnit4Uy-80ZFGmvNqnWTkn7t1njTkTEDQnH08nHndsWDzPB3QPTDkTHTKPz33rj9znH9LPWNkn10zn1F7sHEKnik1nHcKXLYKnHTknjmKnHTknj9dnEDLm1PWmHczriYzP1m1sHwWrAmVmHD1Pzd-rymvuymvn1DYnjbKTHTKTEDkTHD_nHDYnBkQnWT1THDKUMR_UTDvPjnkPvEOPjDYnAPhPvDv&tid=7c3ca229-2763-4c8f-a137-e9f6ef631409&slotid=1000851&productid=10006&bizresource=0&extParam=%7B%22ppgy_stats%22%3A%7B%22pageSource%22%3A%22%22%2C%22resource%22%3A%2258%22%2C%22abVersion%22%3A%22%22%2C%22launchid%22%3A%22%22%7D%7D
【合租】望京 望京西园一区 3室主卧,望京西园一区,https://legoclick.58.com/cpaclick?target=szqBpB3draOWUvYf0A-80A7Guvq8uL-ds1EQnjm3PjbdnjbQrHbdXaO1pZwVUT7bsyNQn1nkrHuBsyDzn1mVPAF6nBY3rAuBsHRWn17bryDOuymduTDYPjmLPjT3P1mYnH9LrTDKnHn1Pj0zPHm3P101njDLrEDvnjTknjTKPHbOP1bYTHD_n1DkTHD_nHDYnBkQnWT1THDdrHN3PWmYP1bznjbKn1bKwbnV0AnVUA-1IAQ-uMEKnEDQTEDVnEDKnWEOnHDdnWbdnWcOrHmkTHmKph-6wvNlnWTkn7t1njTkTHDKryEznWDzmvEVm1NkmBYYPjbvsy7brAEVujmLnyw6uhubrjmLTHDznWELrjbLrH9YrjD1n1TQP1mKnHczPj03rH0OrjNdnWmQPWbvnTDKTEDQsWTKTiYKTE7CIZwk01CfsvFJsWN3shPfUiqLmyOMph-8uzqkpyOkmy-MUvOMXgNf0A3fnit4Uy-80ZFGmvNqnWTkn7t1njTkTEDQnH08nHndsWDzPB3QPTDkTHTKPz33n1bdPWE1rjbdnjbkPW-7sHEKnik1nHcKXLYKnHTknjmKnHTknj9dnEDduhcLuAEkrid6uyDOsHw-P1bVmhmQPaYLnjDvrHnvuhwWmHNKTHTKTEDkTHD_nHDYnBkQnWT1THDKUMR_UTDYuWb3uyP-uWTYmvPWPjmY&tid=5fb7dd09-aea9-4e79-bf14-7016936fdca5&slotid=1000851&productid=10006&bizresource=0&extParam=%7B%22ppgy_stats%22%3A%7B%22pageSource%22%3A%22%22%2C%22resource%22%3A%2258%22%2C%22abVersion%22%3A%22%22%2C%22launchid%22%3A%22%22%7D%7D
【合租】望京 望京西园三区 5室主卧,望京西园三区,https://legoclick.58.com/cpaclick?target=szqBpB3draOWUvYf0A-80A7Guvq8uL-ds1EQrH03PHnLrHbQnjmYXaO1pZwVUT7bsyNQn1nkrHuBsyDzn1mVPAF6nBY3rAuBsHRWn17bryDOuymduTDYPjmLPjT3P1mYnH9LrTDKnHEdnHcQnHDLrj0QPjDzP9DvnjTknjTKPHc3PjNzTHD_n1DkTHD_nHDYnBkQnWT1THDdrHN3PWmYP1bznjbKPjTKwbnV0AnVUA-1IAQ-uMEKnEDQTEDVnEDKnWEOnHDdnWbdnWcOrHmkTHmKph-6wvNlnWTkn7t1njTkTHDKny7hmynOmhnVnjTOraYYujmOsycLujDVnW7hrHmdmHbYnj6hTHDzPHEvnHTkrjn3PjDdrHn1PjEKnHcdPjmQnjT3n10LrjmLrj03PTDKTEDQsWTKTiYKTE7CIZwk01CfsvFJsWN3shPfUiqLmyOMph-8uzqkpyOkmy-MUvOMXgNf0A3fnit4Uy-80ZFGmvNqnWTkn7t1njTkTEDQnH08nHndsWDzPB3QPTDkTHTKPz33n1NdP1TYnHTdP1Dkn167sHEKnik1nHcKXLYKnHTknjmKnHTknj9dnEDOm1NdnhEkuidhnycQsHEkPAnVmhnvmiYOnvmvrj9YuWmznWmKTHTKTEDkTHD_nHDYnBkQnWT1THDKUMR_UTDQm1n1nvDkP19LPvm1mWDQ&tid=9c552d0e-f1b1-404c-bc6a-93f6884f6226&slotid=1000851&productid=10006&bizresource=0&extParam=%7B%22ppgy_stats%22%3A%7B%22pageSource%22%3A%22%22%2C%22resource%22%3A%2258%22%2C%22abVersion%22%3A%22%22%2C%22launchid%22%3A%22%22%7D%7D
【合租】望京 南湖东园一区 3室主卧,南湖东园一区,https://legoclick.58.com/cpaclick?target=szqBpB3draOWUvYf0A-80A7Guvq8uL-ds1EkPWbdrHcknWNOrH0dXaO1pZwVUT7bsyNQn1nkrHuBsyDzn1mVPAF6nBY3rAuBsHRWn17bryDOuymduTDYPjmLPjT3P1mYnH9LrTDKnHc3P1T1PWDkrHcvPWbdrEDvnjTknjTKPWTknjTkTHD_n1DkTHD_nHDYnBkQnWT1THDdrHN3PWmYP1bznjbKPjDKwbnV0AnVUA-1IAQ-uMEKnEDQTEDVnEDKnWEOnHDdnWbdnWcOrHmkTHmKph-6wvNlnWTkn7t1njTkTHDKmh7WPyFBnH9VrHDkraYYmWuBsycvmhcVmH6hmhn3njDdrjIWTHDznHcdrjDzPWmQPjnkPW9QPWTKnHcQnWN3nHcvPWT3PjnYP1bkPTDKTEDQsWTKTiYKTE7CIZwk01CfsvFJsWN3shPfUiqLmyOMph-8uzqkpyOkmy-MUvOMXgNf0A3fnit4Uy-80ZFGmvNqnWTkn7t1njTkTEDQnH08nHndsWDzPB3QPTDkTHTKPB33rHbOnjcvnjbznHnzP1u7sHEKnik1nHcKXLYKnHTknjmKnHTknj9dnEDOn1RBnhu-PiYOnjTzsHEkPH9Vryc1nzYQuyEvuA7BuHIhmW0KTHTKTEDkTHD_nHDYnBkQnWT1THDKUMR_UTDknADOrAF-nW0znHwhm1mv&tid=935b2fe5-9002-4058-9b33-1ed6dabe7fb7&slotid=1000851&productid=10006&bizresource=0&extParam=%7B%22ppgy_stats%22%3A%7B%22pageSource%22%3A%22%22%2C%22resource%22%3A%2258%22%2C%22abVersion%22%3A%22%22%2C%22launchid%22%3A%22%22%7D%7D
【合租】望京 望京花园东区 4室次卧,望京花园东区,https://legoclick.58.com/cpaclick?target=szqBpB3draOWUvYf0A-80A7Guvq8uL-ds1EkPWbdP10LnjDOPWmQXaO1pZwVUT7bsyNQn1nkrHuBsyDzn1mVPAF6nBY3rAuBsHRWn17bryDOuymduTDYPjmLPjT3P1mYnH9LrTDKnHc3P1TQP10LPjcLPHN3PkDvnjTknjTKPHbOnHELTHD_n1DkTHD_nHDYnBkQnWT1THDdrHN3PWmYP1bznjbKPjcKwbnV0AnVUA-1IAQ-uMEKnEDQTEDVnEDKnWEOnHDdnWbdnWcOrHmkTHmKph-6wvNlnWTkn7t1njTkTHDKmHFbPyRBm1bVnWT1uiYYujPBsH9YPjDVPyD3uhEznhF-nHK-THDznHcdP1mdP1cdnj0QP1mOPWTKnHcQnWNLPWNLnWEYPjcvnWEknTDKTEDQsWTKTiYKTE7CIZwk01CfsvFJsWN3shPfUiqLmyOMph-8uzqkpyOkmy-MUvOMXgNf0A3fnit4Uy-80ZFGmvNqnWTkn7t1njTkTEDQnH08nHndsWDzPB3QPTDkTHTKPB33rHbkrHT3nH9dPWTQnjR7sHEKnik1nHcKXLYKnHTknjmKnHTknj9dnEDQuAE1PjP6niYOuAcvsHEOP1cVrANzPiYLuHbvuHcYrycOrHmKTHTKTEDkTHD_nHDYnBkQnWT1THDKUMR_UTDOnvndm1c3n1m1uyP-rH9z&tid=1dd343a1-9db6-4972-8e25-7e96e249b996&slotid=1000851&productid=10006&bizresource=0&extParam=%7B%22ppgy_stats%22%3A%7B%22pageSource%22%3A%22%22%2C%22resource%22%3A%2258%22%2C%22abVersion%22%3A%22%22%2C%22launchid%22%3A%22%22%7D%7D
【合租】望京 南湖渠西里 3室次卧,南湖渠西里,https://legoclick.58.com/cpaclick?target=szqBpB3draOWUvYf0A-80A7Guvq8uL-ds1EQrjmOPHNkPW0znW9QXaO1pZwVUT7bsyNQn1nkrHuBsyDzn1mVPAF6nBY3rAuBsHRWn17bryDOuymduTDYPjmLPjT3P1mYnH9LrTDKnHE1P1cvnj9knHbLPHnkn9DvnjTknjTKPH9LrHTzTHD_n1DkTHD_nHDYnBkQnWT1THDdrHN3PWmYP1bznjbKPjnKwbnV0AnVUA-1IAQ-uMEKnEDQTEDVnEDKnWEOnHDdnWbdnWcOrHmkTHmKph-6wvNlnWTkn7t1njTkTHDKmvmOnvNLrynVnhEduaYYPj9dsyFhrycVPW9QujcQuHDvmHbOTHDzPHDkn19Lrj0dnjbLnjcvPHmKnHcdnHT1rj03P1EdnjbLnjDQn9DKTEDQsWTKTiYKTE7CIZwk01CfsvFJsWN3shPfUiqLmyOMph-8uzqkpyOkmy-MUvOMXgNf0A3fnit4Uy-80ZFGmvNqnWTkn7t1njTkTEDQnH08nHndsWDzPB3QPTDkTHTKPB33rj9Qn10OnjDkPWbOPW67sHEKnik1nHcKXLYKnHTknjmKnHTknj9dnEDdujEQPWTYuBYkmvR-sHEQrymVmhE3nad-PycvmhNLrHmdujEKTHTKTEDkTHD_nHDYnBkQnWT1THDKUMR_UTDkPHK6njRhuWbQuAmkmhN3&tid=5d41604f-0cee-419f-bd80-e5b6be7965d4&slotid=1000851&productid=10006&bizresource=0&extParam=%7B%22ppgy_stats%22%3A%7B%22pageSource%22%3A%22%22%2C%22resource%22%3A%2258%22%2C%22abVersion%22%3A%22%22%2C%22launchid%22%3A%22%22%7D%7D
【合租】望京 南湖中园小区 3室次卧,南湖中园小区,https://legoclick.58.com/cpaclick?target=szqBpB3draOWUvYf0A-80A7Guvq8uL-ds1EznWDYPHEQnj9QrHbLXaO1pZwVUT7bsyNQn1nkrHuBsyDzn1mVPAF6nBY3rAuBsHRWn17bryDOuymduTDYPjmLPjT3P1mYnH9LrTDKnHE3nHEQrHNLPjEvrjmzn9DvnjTknjTKPHNkP1czTHD_n1DkTHD_nHDYnBkQnWT1THDdrHN3PWmYP1bznjbKPjEKwbnV0AnVUA-1IAQ-uMEKnEDQTEDVnEDKnWEOnHDdnWbdnWcOrHmkTHmKph-6wvNlnWTkn7t1njTkTHDKn1-6PWubn1nVmWN1niYYrHbksyczrH0VuHnvPjcQuyDzPANzTHDzPWc1PjnYn1nkP1DQnWT1rjNKnHcvnWnYn1E1n1TYPHbYnWcLn9DKTEDQsWTKTiYKTE7CIZwk01CfsvFJsWN3shPfUiqLmyOMph-8uzqkpyOkmy-MUvOMXgNf0A3fnit4Uy-80ZFGmvNqnWTkn7t1njTkTEDQnH08nHndsWDzPB3QPTDkTHTKPB3LPj9QnjbOPHcvnj0YP167sHEKnik1nHcKXLYKnHTknjmKnHTknj9dnEDduWbdmvF-mBYQn19OsHELnhNVrywBPBYLnvc1mHR-njmzPycKTHTKTEDkTHD_nHDYnBkQnWT1THDKUMR_UTDkryDLmHR6ujTQP1K-rADz&tid=5f95cbeb-1389-472e-9db6-73b3a5e0625b&slotid=1000851&productid=10006&bizresource=0&extParam=%7B%22ppgy_stats%22%3A%7B%22pageSource%22%3A%22%22%2C%22resource%22%3A%2258%22%2C%22abVersion%22%3A%22%22%2C%22launchid%22%3A%22%22%7D%7D
【合租】望京 南湖中园小区 3室次卧,南湖中园小区,https://legoclick.58.com/cpaclick?target=szqBpB3draOWUvYf0A-80A7Guvq8uL-ds1EznWDdn10zPWnkPWmLXaO1pZwVUT7bsyNQn1nkrHuBsyDzn1mVPAF6nBY3rAuBsHRWn17bryDOuymduTDYPjmLPjT3P1mYnH9LrTDKnHE3nHNzPWTQnWEdnH9YrTDvnjTknjTKPH9knjDkTHD_n1DkTHD_nHDYnBkQnWT1THDdrHN3PWmYP1bznjbKPjNKwbnV0AnVUA-1IAQ-uMEKnEDQTEDVnEDKnWEOnHDdnWbdnWcOrHmkTHmKph-6wvNlnWTkn7t1njTkTHDKuhw6P1nkuycVnAm3raYYnHEvsH9LmHmVrjc3rH0LuH-WujFBTHDzPWc1P1TvrjDLn1DOPWT3n1cKnHcvnWnLnjm3nHN1Pj9QPWcdP9DKTEDQsWTKTiYKTE7CIZwk01CfsvFJsWN3shPfUiqLmyOMph-8uzqkpyOkmy-MUvOMXgNf0A3fnit4Uy-80ZFGmvNqnWTkn7t1njTkTEDQnH08nHndsWDzPB3QPTDkTHTKPB3QrHcLP1cLnWnvPjTOP1w7sHEKnik1nHcKXLYKnHTknjmKnHTknj9dnEDkrAuhnj-WmzYvmymQsHwhP1nVrHRbPiY3uHRWujcQPjEOnvEKTHTKTEDkTHD_nHDYnBkQnWT1THDKUMR_UTDLmvnYmH6buARWmHK6rHNY&tid=08ff09cc-6af1-4f73-95d5-8e5cd214493d&slotid=1000851&productid=10006&bizresource=0&extParam=%7B%22ppgy_stats%22%3A%7B%22pageSource%22%3A%22%22%2C%22resource%22%3A%2258%22%2C%22abVersion%22%3A%22%22%2C%22launchid%22%3A%22%22%7D%7D
【合租】望京 望京西园一区 3室次卧,望京西园一区,https://legoclick.58.com/cpaclick?target=szqBpB3draOWUvYf0A-80A7Guvq8uL-ds1EQnHD1PHb3PW0vnHDLXaO1pZwVUT7bsyNQn1nkrHuBsyDzn1mVPAF6nBY3rAuBsHRWn17bryDOuymduTDYPjmLPjT3P1mYnH9LrTDKnHnYnjEOrjbYPWnvrjNQrTDvnjTknjTKPH9LnHnYTHD_n1DkTHD_nHDYnBkQnWT1THDdrHN3PWmYP1bznjbKPjmKwbnV0AnVUA-1IAQ-uMEKnEDQTEDVnEDKnWEOnHDdnWbdnWcOrHmkTHmKph-6wvNlnWTkn7t1njTkTHDKmH-6rjmvuHDVP1ELraYYmvRWsH6-njDVn1IhnhEkujF-m1TOTHDznWmzPW0LPHcOnHELPWnLP1mKnHczPWcvP10dnW9dPWTYn1NznTDKTEDQsWTKTiYKTE7CIZwk01CfsvFJsWN3shPfUiqLmyOMph-8uzqkpyOkmy-MUvOMXgNf0A3fnit4Uy-80ZFGmvNqnWTkn7t1njTkTEDQnH08nHndsWDzPB3QPTDkTHTKPi3OrjNYnWmdnjczn1NLnj77sHEKnik1nHcKXLYKnHTknjmKnHTknj9dnEDkPW6hm1KWmiYdnhw6sHEvnH9Vmyn3nid-rADQujmYrHmduj0KTHTKTEDkTHD_nHDYnBkQnWT1THDKUMR_UT76PH03nHP-PHDQnHFbPhu6&tid=068fc0ca-52da-4618-ac81-e8a1d64965d7&slotid=1000851&productid=10006&bizresource=0&extParam=%7B%22ppgy_stats%22%3A%7B%22pageSource%22%3A%22%22%2C%22resource%22%3A%2258%22%2C%22abVersion%22%3A%22%22%2C%22launchid%22%3A%22%22%7D%7D
【合租】望京 宝星园 5室主卧,宝星园,https://legoclick.58.com/cpaclick?target=szqBpB3draOWUvYf0A-80A7Guvq8uL-ds1EQrjmOrHNvrjc1nHbdXaO1pZwVUT7bsyNQn1nkrHuBsyDzn1mVPAF6nBY3rAuBsHRWn17bryDOuymduTDYPjmLPjT3P1mYnH9LrTDKnHE1P1nQnW03rHndP1N3n9DvnjTknjTKPH93n1EOTHD_n1DkTHD_nHDYnBkQnWT1THDdrHN3PWmYP1bznjbKPj0KwbnV0AnVUA-1IAQ-uMEKnEDQTEDVnEDKnWEOnHDdnWbdnWcOrHmkTHmKph-6wvNlnWTkn7t1njTkTHDKmWFWujuWnHcVPj9YnBYYnhnLsH9QuHbVPhFbryu6PhnOnyckTHDzPHDkPHckrHmzrj0OPjTvnjbKnHcdnHTdnWTOPWc1n1EzPWbYPTDKTEDQsWTKTiYKTE7CIZwk01CfsvFJsWN3shPfUiqLmyOMph-8uzqkpyOkmy-MUvOMXgNf0A3fnit4Uy-80ZFGmvNqnWTkn7t1njTkTEDQnH08nHndsWDzPB3QPTDkTHTKPi33PHmkrjEvPWEkrH9Ln1u7sHEKnik1nHcKXLYKnHTknjmKnHTknj9dnEDYnjb1mhEYmBdWuHIbsHEdmhcVrH7hraYzm16-rA7hujm3Pj9KTHTKTEDkTHD_nHDYnBkQnWT1THDKUMR_UTDYn1EYnvnkuhndnjm3m1-B&tid=4093bd4b-ce7d-45bb-91f8-2c8e8afd6848&slotid=1000851&productid=10006&bizresource=0&extParam=%7B%22ppgy_stats%22%3A%7B%22pageSource%22%3A%22%22%2C%22resource%22%3A%2258%22%2C%22abVersion%22%3A%22%22%2C%22launchid%22%3A%22%22%7D%7D
【合租】望京 南湖东园一区 3室主卧,南湖东园一区,https://legoclick.58.com/cpaclick?target=szqBpB3draOWUvYf0A-80A7Guvq8uL-ds1EQP1bQnjELrH9knH0OXaO1pZwVUT7bsyNQn1nkrHuBsyDzn1mVPAF6nBY3rAuBsHRWn17bryDOuymduTDYPjmLPjT3P1mYnH9LrTDKnHEzP1cQnWEdPWE3Pj9LPkDvnjTknjTKPHbYnHDLTHD_n1DkTHD_nHDYnBkQnWT1THDdrHN3PWmYP1bznjbKPj9KwbnV0AnVUA-1IAQ-uMEKnEDQTEDVnEDKnWEOnHDdnWbdnWcOrHmkTHmKph-6wvNlnWTkn7t1njTkTHDKuym1P1FbnjNVnvuWnaYYPjRBsHbdm1mVuhmvn1nknvDQPhwWTHDzPj9YPWmYnHDzPHnQPjNvnjTKnHcYrjEvPWEQnHcknW9zPWcYnTDKTEDQsWTKTiYKTE7CIZwk01CfsvFJsWN3shPfUiqLmyOMph-8uzqkpyOkmy-MUvOMXgNf0A3fnit4Uy-80ZFGmvNqnWTkn7t1njTkTEDQnH08nHndsWDzPB3QPTDkTHTKPi3LPjD1rHb1rjTvPHEkrju7sHEKnik1nHcKXLYKnHTknjmKnHTknj9dnEDYrAPbuhn3miYdnWDOsHEzmHTVrHu6PBYLPjKBmvDYP19vmvDKTHTKTEDkTHD_nHDYnBkQnWT1THDKUMR_UTD3Pjw-PjI6uHEYm10LP1N3&tid=48cdfc8a-5219-42a0-96a6-740bca4786ca&slotid=1000851&productid=10006&bizresource=0&extParam=%7B%22ppgy_stats%22%3A%7B%22pageSource%22%3A%22%22%2C%22resource%22%3A%2258%22%2C%22abVersion%22%3A%22%22%2C%22launchid%22%3A%22%22%7D%7D
【合租】望京 南湖东园一区 3室主卧,南湖东园一区,https://legoclick.58.com/cpaclick?target=szqBpB3draOWUvYf0A-80A7Guvq8uL-ds1EznWEYnWNknWbzn191XaO1pZwVUT7bsyNQn1nkrHuBsyDzn1mVPAF6nBY3rAuBsHRWn17bryDOuymduTDYPjmLPjT3P1mYnH9LrTDKnHE3PHcznWndn1nQnW03nkDvnjTknjTKPHmQP1TLTHD_n1DkTHD_nHDYnBkQnWT1THDdrHN3PWmYP1bznjbKPjbKwbnV0AnVUA-1IAQ-uMEKnEDQTEDVnEDKnWEOnHDdnWbdnWcOrHmkTHmKph-6wvNlnWTkn7t1njTkTHDKn16-PWcQmWTVujTOPiYYnhRWsyDLryEVPyDYPHEkPWbvmW01THDzPWn1nHmOPjmvrHNzn1ndn1mKnHcvn1nQPWbYPWm1PWNQn1c3nTDKTEDQsWTKTiYKTE7CIZwk01CfsvFJsWN3shPfUiqLmyOMph-8uzqkpyOkmy-MUvOMXgNf0A3fnit4Uy-80ZFGmvNqnWTkn7t1njTkTEDQnH08nHndsWDzPB3QPTDkTHTKPi3vrjEQPHEvn1mQrjNvnjI7sHEKnik1nHcKXLYKnHTknjmKnHTknj9dnE7hrANQn1ELuBYzPWmksHE1PWEVmHmYnBdhuj-BPHwbP1DLnHNKTHTKTEDkTHD_nHDYnBkQnWT1THDKUMR_UTDQnv7BmWmvn1bkuHIBPvck&tid=f8e1347f-2660-4364-a642-fd9b54d71715&slotid=1000851&productid=10006&bizresource=0&extParam=%7B%22ppgy_stats%22%3A%7B%22pageSource%22%3A%22%22%2C%22resource%22%3A%2258%22%2C%22abVersion%22%3A%22%22%2C%22launchid%22%3A%22%22%7D%7D
【合租】望京 望京西园四区 4室主卧,望京西园四区,https://legoclick.58.com/cpaclick?target=szqBpB3draOWUvYf0A-80A7Guvq8uL-ds1EQrjmOnWELPHnLP1TzXaO1pZwVUT7bsyNQn1nkrHuBsyDzn1mVPAF6nBY3rAuBsHRWn17bryDOuymduTDYPjmLPjT3P1mYnH9LrTDKnHE1P1cznWTknjmvn1Nvn9DvnjTknjTKnHnkTHD_n1DkTHD_nHDYnBkQnWT1THDdrHN3PWmYP1bznjbKPHTKwbnV0AnVUA-1IAQ-uMEKnEDQTEDVnEDKnWEOnHDdnWbdnWcOrHmkTHmKph-6wvNlnWTkn7t1njTkTHDKujIBrj9drjDVnyNzuiYYuWTzsyc1n10VuA7WrjRWPANQryD3THDzPHDknW93PHE1PjNkPWT1PHcKnHcdnHTzrj9dPjnkP1cOrHnzrTDKTEDQsWTKTiYKTE7CIZwk01CfsvFJsWN3shPfUiqLmyOMph-8uzqkpyOkmy-MUvOMXgNf0A3fnit4Uy-80ZFGmvNqnWTkn7t1njTkTEDQnH08nHndsWDzPB3QPTDkTHTKPi31nWTYPjD1n1bOnWNLrjI7sHEKnik1nHcKXLYKnHTknjmKnHTknj9dnE76PHcYrHTLnzYkP1IBsHEOmhDVmhFWPzYdnvEYuWEvrjD1uynKTHTKTEDkTHD_nHDYnBkQnWT1THDKUMR_UTDQPWI-njNvPyn1rymLnWNd&tid=a5249073-077b-49ba-bbc7-53d4f46813ec&slotid=1000851&productid=10006&bizresource=0&extParam=%7B%22ppgy_stats%22%3A%7B%22pageSource%22%3A%22%22%2C%22resource%22%3A%2258%22%2C%22abVersion%22%3A%22%22%2C%22launchid%22%3A%22%22%7D%7D
